{
  "run": {
    "timestamp_utc": "20260203_232145UTC",
    "axis": {
      "name": "secrest",
      "frame": "galactic",
      "lon_deg": 236.01,
      "lat_deg": 28.77
    },
    "axis_icrs_unitvec": [
      -0.749823671391386,
      0.6559806746884954,
      -0.08633548665739527
    ],
    "pe_nside": 64,
    "p_credible": 0.9,
    "n_events": 36,
    "n_draws": 256,
    "nproc_requested": 36,
    "nproc_effective_events": 36,
    "cache_outdir": "/home/primary/PROJECT/outputs/dark_siren_gap_pe_scaleup36max_20260201_155611UTC",
    "run_label": "M0_start101"
  },
  "g_grid": [
    -0.6,
    -0.5,
    -0.4,
    -0.3,
    -0.2,
    -0.1,
    0.0,
    0.1,
    0.2,
    0.3,
    0.4,
    0.5,
    0.6
  ],
  "curve": [
    {
      "g": -0.6,
      "lpd_mu_total": 235.13236528447425,
      "lpd_gr_total": 239.94061352518736,
      "delta_lpd_total": -4.808248240713112,
      "lpd_mu_data": 212.64589365105124,
      "lpd_gr_data": 218.07261825811054,
      "delta_lpd_data": -5.426724607059299,
      "delta_lpd_sel": 0.6184763663461865,
      "lpd_mu_total_at_f_ref": 206.02241624659072,
      "lpd_gr_total_at_f_ref": 210.83183194112627,
      "delta_lpd_total_at_f_ref": -4.809415694535545,
      "f_miss_posterior_mean_mu": 0.1237967745207282,
      "f_miss_posterior_mean_gr": 0.12379871186787327
    },
    {
      "g": -0.5,
      "lpd_mu_total": 236.7049488721442,
      "lpd_gr_total": 239.94061352518736,
      "delta_lpd_total": -3.235664653043159,
      "lpd_mu_data": 214.32857228192194,
      "lpd_gr_data": 218.07261825811054,
      "delta_lpd_data": -3.744045976188602,
      "delta_lpd_sel": 0.5083813231454428,
      "lpd_mu_total_at_f_ref": 207.5949313312094,
      "lpd_gr_total_at_f_ref": 210.83183194112627,
      "delta_lpd_total_at_f_ref": -3.2369006099168587,
      "f_miss_posterior_mean_mu": 0.12379666085784735,
      "f_miss_posterior_mean_gr": 0.12379871186787327
    },
    {
      "g": -0.4,
      "lpd_mu_total": 237.9873509783633,
      "lpd_gr_total": 239.94061352518736,
      "delta_lpd_total": -1.9532625468240497,
      "lpd_mu_data": 215.71334525558228,
      "lpd_gr_data": 218.07261825811054,
      "delta_lpd_data": -2.359273002528255,
      "delta_lpd_sel": 0.40601045570420524,
      "lpd_mu_total_at_f_ref": 208.87727697796186,
      "lpd_gr_total_at_f_ref": 210.83183194112627,
      "delta_lpd_total_at_f_ref": -1.9545549631644121,
      "f_miss_posterior_mean_mu": 0.12379656717876343,
      "f_miss_posterior_mean_gr": 0.12379871186787327
    },
    {
      "g": -0.3,
      "lpd_mu_total": 239.06722028525087,
      "lpd_gr_total": 239.94061352518736,
      "delta_lpd_total": -0.8733932399364903,
      "lpd_mu_data": 216.8013100720235,
      "lpd_gr_data": 218.07261825811054,
      "delta_lpd_data": -1.2713081860870261,
      "delta_lpd_sel": 0.3979149461505358,
      "lpd_mu_total_at_f_ref": 209.95714986305177,
      "lpd_gr_total_at_f_ref": 210.83183194112627,
      "delta_lpd_total_at_f_ref": -0.8746820780744997,
      "f_miss_posterior_mean_mu": 0.12379657311713536,
      "f_miss_posterior_mean_gr": 0.12379871186787327
    },
    {
      "g": -0.2,
      "lpd_mu_total": 240.39748224349395,
      "lpd_gr_total": 239.94061352518736,
      "delta_lpd_total": 0.4568687183065947,
      "lpd_mu_data": 217.94743506004403,
      "lpd_gr_data": 218.07261825811054,
      "delta_lpd_data": -0.1251831980665088,
      "delta_lpd_sel": 0.5820519163731035,
      "lpd_mu_total_at_f_ref": 211.28742907067385,
      "lpd_gr_total_at_f_ref": 210.83183194112627,
      "delta_lpd_total_at_f_ref": 0.45559712954758425,
      "f_miss_posterior_mean_mu": 0.12379660170685657,
      "f_miss_posterior_mean_gr": 0.12379871186787327
    },
    {
      "g": -0.1,
      "lpd_mu_total": 241.91486187080022,
      "lpd_gr_total": 239.94061352518736,
      "delta_lpd_total": 1.9742483456128639,
      "lpd_mu_data": 219.54130013664556,
      "lpd_gr_data": 218.07261825811054,
      "delta_lpd_data": 1.4686818785350226,
      "delta_lpd_sel": 0.5055664670778413,
      "lpd_mu_total_at_f_ref": 212.8046605114416,
      "lpd_gr_total_at_f_ref": 210.83183194112627,
      "delta_lpd_total_at_f_ref": 1.972828570315329,
      "f_miss_posterior_mean_mu": 0.12379635578639746,
      "f_miss_posterior_mean_gr": 0.12379871186787327
    },
    {
      "g": 0.0,
      "lpd_mu_total": 242.96884356651847,
      "lpd_gr_total": 239.94061352518736,
      "delta_lpd_total": 3.0282300413311134,
      "lpd_mu_data": 220.74335761905354,
      "lpd_gr_data": 218.07261825811054,
      "delta_lpd_data": 2.670739360943003,
      "delta_lpd_sel": 0.3574906803881106,
      "lpd_mu_total_at_f_ref": 213.8584880708656,
      "lpd_gr_total_at_f_ref": 210.83183194112627,
      "delta_lpd_total_at_f_ref": 3.0266561297393366,
      "f_miss_posterior_mean_mu": 0.12379610001848533,
      "f_miss_posterior_mean_gr": 0.12379871186787327
    },
    {
      "g": 0.1,
      "lpd_mu_total": 243.6401879793539,
      "lpd_gr_total": 239.94061352518736,
      "delta_lpd_total": 3.6995744541665374,
      "lpd_mu_data": 221.56349553480575,
      "lpd_gr_data": 218.07261825811054,
      "delta_lpd_data": 3.4908772766952154,
      "delta_lpd_sel": 0.208697177471322,
      "lpd_mu_total_at_f_ref": 214.52965069937105,
      "lpd_gr_total_at_f_ref": 210.83183194112627,
      "delta_lpd_total_at_f_ref": 3.697818758244779,
      "f_miss_posterior_mean_mu": 0.12379579835379857,
      "f_miss_posterior_mean_gr": 0.12379871186787327
    },
    {
      "g": 0.2,
      "lpd_mu_total": 244.05216446944985,
      "lpd_gr_total": 239.94061352518736,
      "delta_lpd_total": 4.11155094426249,
      "lpd_mu_data": 222.10872562075218,
      "lpd_gr_data": 218.07261825811054,
      "delta_lpd_data": 4.036107362641644,
      "delta_lpd_sel": 0.07544358162084563,
      "lpd_mu_total_at_f_ref": 214.94147490688914,
      "lpd_gr_total_at_f_ref": 210.83183194112627,
      "delta_lpd_total_at_f_ref": 4.109642965762873,
      "f_miss_posterior_mean_mu": 0.12379554565421813,
      "f_miss_posterior_mean_gr": 0.12379871186787327
    },
    {
      "g": 0.3,
      "lpd_mu_total": 244.103892519329,
      "lpd_gr_total": 239.94061352518736,
      "delta_lpd_total": 4.163278994141649,
      "lpd_mu_data": 222.18553405392865,
      "lpd_gr_data": 218.07261825811054,
      "delta_lpd_data": 4.112915795818111,
      "delta_lpd_sel": 0.05036319832353797,
      "lpd_mu_total_at_f_ref": 214.9931522378207,
      "lpd_gr_total_at_f_ref": 210.83183194112627,
      "delta_lpd_total_at_f_ref": 4.161320296694441,
      "f_miss_posterior_mean_mu": 0.12379546147921477,
      "f_miss_posterior_mean_gr": 0.12379871186787327
    },
    {
      "g": 0.4,
      "lpd_mu_total": 243.7122640914404,
      "lpd_gr_total": 239.94061352518736,
      "delta_lpd_total": 3.7716505662530437,
      "lpd_mu_data": 221.73048586107913,
      "lpd_gr_data": 218.07261825811054,
      "delta_lpd_data": 3.6578676029685937,
      "delta_lpd_sel": 0.11378296328445003,
      "lpd_mu_total_at_f_ref": 214.6015238139351,
      "lpd_gr_total_at_f_ref": 210.83183194112627,
      "delta_lpd_total_at_f_ref": 3.769691872808835,
      "f_miss_posterior_mean_mu": 0.12379546145056122,
      "f_miss_posterior_mean_gr": 0.12379871186787327
    },
    {
      "g": 0.5,
      "lpd_mu_total": 242.94816811658166,
      "lpd_gr_total": 239.94061352518736,
      "delta_lpd_total": 3.007554591394296,
      "lpd_mu_data": 220.8615861588349,
      "lpd_gr_data": 218.07261825811054,
      "delta_lpd_data": 2.788967900724373,
      "delta_lpd_sel": 0.2185866906699232,
      "lpd_mu_total_at_f_ref": 213.83742315758153,
      "lpd_gr_total_at_f_ref": 210.83183194112627,
      "delta_lpd_total_at_f_ref": 3.005591216455258,
      "f_miss_posterior_mean_mu": 0.1237954536490767,
      "f_miss_posterior_mean_gr": 0.12379871186787327
    },
    {
      "g": 0.6,
      "lpd_mu_total": 241.94716856912925,
      "lpd_gr_total": 239.94061352518736,
      "delta_lpd_total": 2.006555043941887,