{
  "done": 1000,
  "dpar_sim_mean": 0.00559241246245466,
  "elapsed_s": 35.60699200630188,
  "grad_inf_p50": 8.661231731821317e-10,
  "grad_inf_p90": 0.0010947741302934275,
  "nit_max": 4,
  "nit_p50": 4.0,
  "nit_p90": 4.0,
  "nsim": 1000,
  "success_frac": 0.999
}
