{
  "D_par_obs": -0.008152229983725303,
  "D_true": 0.0046,
  "dpar_sim_summary": {
    "mean": 0.00559241246245466,
    "p16": -0.01591022141102155,
    "p50": 0.004723003710930619,
    "p84": 0.02760911102109869
  },
  "fit_convergence": {
    "grad_inf_summary": {
      "max": 0.005847523013753894,
      "p50": 8.661231731821317e-10,
      "p90": 0.0010947741302934275
    },
    "n_fail": 1,
    "nit_summary": {
      "max": 4,
      "p50": 4.0,
      "p90": 4.0
    },
    "success_frac": 0.999
  },
  "nsim": 1000,
  "p_abs_ge_obs": 0.707,
  "p_one_sided_ge_obs": 0.744
}
