name,beta
intercept,4.387614203
b_x,0.001052435116
b_y,-0.006080152708
b_z,-0.006831169511
abs_elat_z,-0.00957663977
sin_elon_z,0.004494141775
cos_elon_z,-0.01163939577
sin2_elon_z,-0.000950884725
cos2_elon_z,5.399925354e-05
ebv_mean_z,-0.001418923428
log_w1cov_mean_z,0.0003936211387
lognexp_z,0.01024747911
log_invvar_z,-0.02748620048
log1p_starcount_z,-0.001895181002
