{
  "baseline_full": {
    "D": 0.016778379376284673,
    "axis_sep_cmb_deg": 34.331795035151856,
    "lb_deg": [
      236.57689255409844,
      21.80725638943299
    ]
  },
  "baseline_train_model": {
    "beta": [
      4.384724630889688,
      -0.010629114268134045,
      -0.01340760196537447,
      0.007140480108112662,
      -0.02487501853923012
    ]
  },
  "cmb_fixed_test": {
    "D_abs": 0.002495682290212341,
    "D_par": -0.002495682290212341,
    "axis_sep_cmb_deg": 0.0
  },
  "cmb_fixed_train_nuisance_beta": [
    4.3723835878257535,
    0.02366004362682691,
    0.015115137198485916,
    -0.008086071383070772,
    0.015521116651661592,
    -0.013435213993742309,
    0.0023740150588284683,
    0.014285148628431298,
    0.05377775235005166,
    -0.09244694746301464,
    0.007188108797128692,
    0.035019152197734764,
    0.01976395535788048,
    0.03329629472274183,
    -0.0004581717907748468,
    -0.003633324797174045,
    -0.0008058099564585652,
    -0.004353100209726322,
    0.006051754744247016,
    -0.0062337495053835035,
    -0.00225366435478096,
    5.4411320785454736e-05,
    0.003042233649344937,
    -0.01068134203282394,
    -0.00417306561691997,
    -0.009965175130705373,
    0.004898867301067284,
    0.0007376237142065963,
    -0.00013012835410640807,
    0.0012995274639413916,
    0.0018186043538308667,
    -0.001434846520482324,
    0.0003303730780361807,
    -0.00022193980101127984,
    -0.003352185929892577,
    0.0020694058384488683,
    0.0025871679875354354,
    0.001620849816078887,
    -0.0032323615916286497,
    0.004201438388135124,
    -0.0022634999530001688,
    -0.0019427067181450168,
    -0.00048567282994260605
  ],
  "heldout": {
    "fold_index": 0,
    "n_test_pix": 12018,
    "n_train_pix": 12033,
    "scheme": "GroupKFold n_splits=2 on ecliptic longitude wedges",
    "wedge_deg": 15.0
  },
  "maximal_full": {
    "D": 0.005777002857653249,
    "axis_sep_cmb_deg": 73.42803780236187,
    "lb_deg": [
      54.11484140428646,
      55.32558135679632
    ]
  },
  "maximal_train_model": {
    "beta": [
      4.370244280681085,
      -0.02943599722421298,
      -0.012902656030579673,
      0.008989084329095768,
      0.02580382180832898,
      0.004522890340864899,
      -0.0005319233172084509,
      0.01433527804883599,
      -0.01428518038058664,
      0.0023175169576417844,
      0.014119937019159378,
      0.05586582689556923,
      -0.09488513405671556,
      0.007326757341881384,
      0.036244142927770784,
      0.019198902105618035,
      0.03542809811913988,
      -0.001159411812727196,
      -0.0041230623109314015,
      -2.888225337274014e-06,
      -0.007206078355667404,
      0.0027080331855773142,
      -0.007049300535116881,
      -0.005442376096820737,
      -0.0019225665367569123,
      0.003561286674365163,
      -0.010933800390609292,
      -0.004588489667206097,
      -0.01038514790887162,
      0.0052763606813674285,
      0.0011128709934072373,
      -3.261824634328201e-05,
      0.0017303479444071835,
      0.0020422419486742865,
      -0.0019433611626507826,
      -0.0003028787750102098,
      0.0006689542391312273,
      -0.002419838211787938,
      0.0023230750134771525,
      0.0035141436687313194,
      0.0016884148154455334,
      -0.00355291919778557,
      0.004371947643324579,
      -0.0016662094428565816,
      -0.0013733632624953031,
      -0.00041219190225854095
    ]
  },
  "representative_cut": 16.6,
  "test_baseline_deviance": {
    "deviance": 16368.276577262037,
    "deviance_over_dof": 1.362546955569969,
    "dispersion_phi": 1.3586578364473736,
    "dispersion_phi_eff": 1.3586578364473736,
    "dof": 12013.0,
    "n_obs": 12018.0,
    "n_params": 5.0,
    "pearson_chi2": 16321.5565892423,
    "pearson_over_dof": 1.3586578364473736
  },
  "test_deviance": {
    "deviance": 16638.166412599458,
    "deviance_over_dof": 1.3897566331940743,
    "dispersion_phi": 1.3958629649599184,
    "dispersion_phi_eff": 1.3958629649599184,
    "dof": 11972.0,
    "n_obs": 12018.0,
    "n_params": 46.0,
    "pearson_chi2": 16711.27141650014,
    "pearson_over_dof": 1.3958629649599184
  },
  "test_residual_dipole": {
    "D": 0.016038948396431257,
    "axis_sep_cmb_deg": 51.33618371206715,
    "lb_deg": [
      188.7875587537473,
      41.92167982366953
    ]
  }
}
