{
  "baseline_full": {
    "D": 0.016778515040228766,
    "axis_sep_cmb_deg": 34.33135060889454,
    "lb_deg": [
      236.57706156282933,
      21.80768433139346
    ]
  },
  "baseline_train_model": {
    "beta": [
      4.384724630878545,
      -0.010628993215526418,
      -0.013407494120551498,
      0.007140502662838716,
      -0.02487503202467397
    ]
  },
  "cmb_fixed_test": {
    "D_abs": 0.011602240760969391,
    "D_par": 0.011602240760969391,
    "axis_sep_cmb_deg": 0.0
  },
  "cmb_fixed_train_nuisance_beta": [
    4.383471981554882,
    -0.012828042311489526,
    0.003566761914595622,
    -0.00014471864699414387,
    0.0009897148086328964,
    -0.002367729866044648,
    -0.0018187924669267367,
    0.012713115370284422,
    -0.010300188144409738,
    -0.0150323248104884,
    -0.0015314550515349893
  ],
  "heldout": {
    "fold_index": 0,
    "n_test_pix": 12018,
    "n_train_pix": 12033,
    "scheme": "GroupKFold n_splits=2 on ecliptic longitude wedges",
    "wedge_deg": 15.0
  },
  "maximal_full": {
    "D": 0.00920547410599184,
    "axis_sep_cmb_deg": 82.86572710949478,
    "lb_deg": [
      279.82022465999034,
      -47.90863575669106
    ]
  },
  "maximal_train_model": {
    "beta": [
      4.390194931817873,
      0.003938193986186605,
      -0.005103167941971296,
      -0.01773462168398231,
      -0.019492251868636682,
      0.007882257148482013,
      -0.020192107292594817,
      -0.0015866622924715689,
      0.00047400947696610177,
      -0.0005226285446986811,
      0.014308318981880163,
      -0.02126760250176543,
      0.0005560415330181448,
      -0.001384054924364554
    ]
  },
  "representative_cut": 16.6,
  "test_baseline_deviance": {
    "deviance": 16368.276352345252,
    "deviance_over_dof": 1.3625469368471865,
    "dispersion_phi": 1.3586578209689848,
    "dispersion_phi_eff": 1.3586578209689848,
    "dof": 12013.0,
    "n_obs": 12018.0,
    "n_params": 5.0,
    "pearson_chi2": 16321.556403300416,
    "pearson_over_dof": 1.3586578209689848
  },
  "test_deviance": {
    "deviance": 16367.128660644374,
    "deviance_over_dof": 1.363472897421224,
    "dispersion_phi": 1.358932094454075,
    "dispersion_phi_eff": 1.358932094454075,
    "dof": 12004.0,
    "n_obs": 12018.0,
    "n_params": 14.0,
    "pearson_chi2": 16312.620861826717,
    "pearson_over_dof": 1.358932094454075
  },
  "test_residual_dipole": {
    "D": 0.022763017399771986,
    "axis_sep_cmb_deg": 54.143901281734095,
    "lb_deg": [
      345.1062648629969,
      -58.923493208378105
    ]
  }
}
