dropped,delta_deviance,D_drop,axis_sep_cmb_deg
cos_elon_z,4.60699,0.0125983,11.8636
log1p_starcount_z,3.20252,0.00906386,83.8693
sin_elon_z,3.01319,0.0127054,86.7765
log_invvar_z,2.23183,0.010901,74.7126
abs_elat_z,1.99583,0.00774796,85.451
ebv_mean_z,1.78597,0.00959571,81.7221
sin2_elon_z,1.46895,0.00928393,81.364
lognexp_z,0.52893,0.00984695,78.7008
log_w1cov_mean_z,0.00361155,0.0092134,82.9246
cos2_elon_z,0.00292429,0.00921288,82.8772
