{
  "cmb_fixed_maximal": {
    "rep": {
      "D_par": -0.008152229983725303
    },
    "rep_cut": 16.6,
    "scan": {
      "D_par": -0.008152229995772222
    },
    "scan_cut": 16.6
  },
  "free_axis_maximal": {
    "rep": {
      "D": 0.005777002857653249,
      "D_par": 0.0016477131512577584,
      "D_perp": 0.005537039225841373,
      "axis_sep_cmb_deg": 73.42803780236187
    },
    "rep_cut": 16.6,
    "scan": {
      "D": 0.005777002875305565,
      "D_par": 0.0016477131554251856,
      "D_perp": 0.00553703924301856,
      "axis_sep_cmb_deg": 73.42803781133703
    },
    "scan_cut": 16.6
  },
  "ok": true,
  "scan_opt_ok": {
    "cmb_fixed_maximal": true,
    "free_axis_maximal": true
  },
  "tolerances": {
    "eps_D": 0.0001,
    "eps_axis_deg": 0.5,
    "eps_par": 0.0001,
    "eps_perp": 0.0001
  }
}
