{
  "meta": {
    "created_utc": "2026-02-04T18:02:19.393343+00:00",
    "catalog": "data/external/zenodo_6784602/secrest_extracted/secrest+22_accepted/wise/reference/catwise_agns.fits",
    "exclude_mask_fits": "data/external/zenodo_6784602/secrest_extracted/secrest+22_accepted/wise/reference/exclude_master_revised.fits",
    "nside": 64,
    "w1cov_min": 80.0,
    "b_cut": 30.0,
    "w1_grid": "15.5,16.6,0.05",
    "n_seen_pix": 24051,
    "dipole_amp": 0.016778520598772835,
    "dipole_axis_lb_deg": [
      236.5768885465019,
      21.805941893933664
    ],
    "lon_from_scan": null,
    "lon_sin": 0.0,
    "lon_cos": 0.0,
    "lon_scale": 1.0,
    "n_mocks": 100000,
    "seed": 123,
    "max_iter": 200,
    "axis_metric": false,
    "include_lon_fit": false,
    "n_proc": 248,
    "real_scan_json": "REPORTS/amplitude_physical_predictors_suite/bcut30_baseline/rvmp_fig5_poisson_glm.json"
  },
  "observed": {
    "path_len_deg": 50.778797494292746,
    "end_to_end_deg": 35.40866778961372,
    "max_pair_deg": 35.82589559889398,
    "median_step_deg": 2.0480457496937907,
    "max_step_deg": 5.763465621406795
  },
  "pvals_vs_observed": {
    "path_len_p": 0.5639043609563904,
    "end_to_end_p": 0.004979950200497995,
    "max_pair_p": 0.008529914700852992
  },
  "per_cut_baseline_fit": [
    {
      "w1_cut": 15.5,
      "mean_b": [
        -0.008566006514961002,
        -0.012977492718951896,
        0.006236690829618681
      ],
      "D_of_b_mean": 0.016753748756294918,
      "mean_dir_lb_deg": [
        236.57254001294746,
        21.854845109788304
      ],
      "lon_injected": {
        "sin_elon_z": 0.0,
        "cos_elon_z": 0.0
      }
    },
    {
      "w1_cut": 15.55,
      "mean_b": [
        -0.008570571449375489,
        -0.012976512601761742,
        0.0062340721334583505
      ],
      "D_of_b_mean": 0.016754349573698573,
      "mean_dir_lb_deg": [
        236.55651425314485,
        21.84437265282658
      ],
      "lon_injected": {
        "sin_elon_z": 0.0,
        "cos_elon_z": 0.0
      }
    },
    {
      "w1_cut": 15.6,
      "mean_b": [
        -0.008569542041240837,
        -0.012975283064244185,
        0.006235088972415024
      ],
      "D_of_b_mean": 0.016753249114359506,
      "mean_dir_lb_deg": [
        236.5571824806004,
        21.849628024999504
      ],
      "lon_injected": {
        "sin_elon_z": 0.0,
        "cos_elon_z": 0.0
      }
    },
    {
      "w1_cut": 15.65,
      "mean_b": [
        -0.008570142690226407,
        -0.01297487883064136,
        0.0062358656532443555
      ],
      "D_of_b_mean": 0.016753532369204384,
      "mean_dir_lb_deg": [
        236.55451485644772,
        21.852101383099797
      ],
      "lon_injected": {
        "sin_elon_z": 0.0,
        "cos_elon_z": 0.0
      }
    },
    {
      "w1_cut": 15.7,
      "mean_b": [
        -0.008569114828197734,
        -0.012974543015716558,
        0.006237092177723976
      ],
      "D_of_b_mean": 0.016753203103852806,
      "mean_dir_lb_deg": [
        236.55699321802888,
        21.857072491633147
      ],
      "lon_injected": {
        "sin_elon_z": 0.0,
        "cos_elon_z": 0.0
      }
    },
    {
      "w1_cut": 15.75,
      "mean_b": [
        -0.008567148466380054,
        -0.01297132855711893,
        0.006236954553933072
      ],
      "D_of_b_mean": 0.016749656697662603,
      "mean_dir_lb_deg": [
        236.5565114462722,
        21.8614314968685
      ],
      "lon_injected": {
        "sin_elon_z": 0.0,
        "cos_elon_z": 0.0
      }
    },
    {
      "w1_cut": 15.8,
      "mean_b": [
        -0.008565174293487084,
        -0.012972015817073709,
        0.0062366832078606
      ],
      "D_of_b_mean": 0.01674907825736786,
      "mean_dir_lb_deg": [
        236.56397930763018,
        21.86122524820228
      ],
      "lon_injected": {
        "sin_elon_z": 0.0,
        "cos_elon_z": 0.0
      }
    },
    {
      "w1_cut": 15.85,
      "mean_b": [
        -0.008563880861698483,
        -0.01297187918291098,
        0.006235796375731364
      ],
      "D_of_b_mean": 0.01674798081528007,
      "mean_dir_lb_deg": [
        236.5676804502251,
        21.85946259225798
      ],
      "lon_injected": {
        "sin_elon_z": 0.0,
        "cos_elon_z": 0.0
      }
    },
    {
      "w1_cut": 15.9,
      "mean_b": [
        -0.00856351371248045,
        -0.012979249698821268,
        0.006235348794456807
      ],
      "D_of_b_mean": 0.016753335919652737,
      "mean_dir_lb_deg": [
        236.5837721546037,
        21.85046634352059
      ],
      "lon_injected": {
        "sin_elon_z": 0.0,
        "cos_elon_z": 0.0
      }
    },
    {
      "w1_cut": 15.95,
      "mean_b": [
        -0.008564798868202623,
        -0.012982221633960908,
        0.006235903015333495
      ],
      "D_of_b_mean": 0.016756501562757452,
      "mean_dir_lb_deg": [
        236.58584983629328,
        21.84816761188107
      ],
      "lon_injected": {
        "sin_elon_z": 0.0,
        "cos_elon_z": 0.0
      }
    },
    {
      "w1_cut": 16.0,
      "mean_b": [
        -0.008566447251482383,
        -0.012982756367977298,
        0.006238538762315716
      ],
      "D_of_b_mean": 0.01675873943086415,
      "mean_dir_lb_deg": [
        236.5818661925515,
        21.85480872304203
      ],
      "lon_injected": {
        "sin_elon_z": 0.0,
        "cos_elon_z": 0.0
      }
    },
    {
      "w1_cut": 16.05,
      "mean_b": [
        -0.008567160908251265,
        -0.012984382512797947,
        0.006238406814621518
      ],
      "D_of_b_mean": 0.016760314879238934,
      "mean_dir_lb_deg": [
        236.58297085547449,
        21.852162633744516
      ],
      "lon_injected": {
        "sin_elon_z": 0.0,
        "cos_elon_z": 0.0
      }
    },
    {
      "w1_cut": 16.1,
      "mean_b": [
        -0.008567012883774238,
        -0.012983687485744579,
        0.00623934308672768
      ],
      "D_of_b_mean": 0.016760049302795343,
      "mean_dir_lb_deg": [
        236.58201606793216,
        21.855975294921375
      ],
      "lon_injected": {
        "sin_elon_z": 0.0,
        "cos_elon_z": 0.0
      }
    },
    {
      "w1_cut": 16.15,
      "mean_b": [
        -0.008569089260563736,
        -0.012986428711094304,
        0.006236276498228478
      ],
      "D_of_b_mean": 0.016762093126641436,
      "mean_dir_lb_deg": [
        236.58119342817128,
        21.841879893960208
      ],
      "lon_injected": {
        "sin_elon_z": 0.0,
        "cos_elon_z": 0.0
      }
    },
    {
      "w1_cut": 16.2,
      "mean_b": [
        -0.00856842265420363,
        -0.012986460710786197,
        0.006236112908698109
      ],
      "D_of_b_mean": 0.01676171628395776,
      "mean_dir_lb_deg": [
        236.5833073139815,
        21.841793770341855
      ],
      "lon_injected": {
        "sin_elon_z": 0.0,
        "cos_elon_z": 0.0
      }
    },
    {
      "w1_cut": 16.25,
      "mean_b": [
        -0.00856918698466705,
        -0.012986732344656667,
        0.0062367091359634245
      ],
      "D_of_b_mean": 0.016762539289038175,
      "mean_dir_lb_deg": [
        236.5815088693372,
        21.84286179781146
      ],
      "lon_injected": {
        "sin_elon_z": 0.0,
        "cos_elon_z": 0.0
      }
    },
    {
      "w1_cut": 16.3,
      "mean_b": [
        -0.008567718600818307,
        -0.012985458049719605,
        0.006237475540852275
      ],
      "D_of_b_mean": 0.01676108659683393,
      "mean_dir_lb_deg": [
        236.58343796510064,
        21.847674887048754
      ],
      "lon_injected": {
        "sin_elon_z": 0.0,
        "cos_elon_z": 0.0
      }
    },
    {
      "w1_cut": 16.35,
      "mean_b": [
        -0.00856844492265814,
        -0.01298202124209402,
        0.00623796615078231
      ],
      "D_of_b_mean": 0.01675897806016561,
      "mean_dir_lb_deg": [
        236.57423301783834,
        21.852372288586576
      ],
      "lon_injected": {
        "sin_elon_z": 0.0,