{
  "meta": {
    "created_utc": "2026-02-04T18:05:50.865589+00:00",
    "catalog": "data/external/zenodo_6784602/secrest_extracted/secrest+22_accepted/wise/reference/catwise_agns.fits",
    "exclude_mask_fits": "data/external/zenodo_6784602/secrest_extracted/secrest+22_accepted/wise/reference/exclude_master_revised.fits",
    "nside": 64,
    "w1cov_min": 80.0,
    "b_cut": 30.0,
    "w1_grid": "15.5,16.6,0.05",
    "n_seen_pix": 24051,
    "dipole_amp": 0.0046,
    "dipole_axis_lb_deg": [
      264.021,
      48.253
    ],
    "lon_from_scan": "outputs/rvmp_fig5_poisson_glm_eclip_sincos/rvmp_fig5_poisson_glm.json",
    "lon_sin": 0.0,
    "lon_cos": 0.0,
    "lon_scale": 1.0,
    "n_mocks": 50000,
    "seed": 123,
    "max_iter": 200,
    "axis_metric": false,
    "include_lon_fit": true,
    "n_proc": 248,
    "real_scan_json": "REPORTS/amplitude_physical_predictors_suite/bcut30_baseline/rvmp_fig5_poisson_glm.json"
  },
  "observed": {
    "path_len_deg": 50.778797494292746,
    "end_to_end_deg": 35.40866778961372,
    "max_pair_deg": 35.82589559889398,
    "median_step_deg": 2.0480457496937907,
    "max_step_deg": 5.763465621406795
  },
  "pvals_vs_observed": {
    "path_len_p": 1.0,
    "end_to_end_p": 0.0046599068018639625,
    "max_pair_p": 0.8059438811223776
  },
  "per_cut_baseline_fit": [
    {
      "w1_cut": 15.5,
      "mean_b": [
        -0.005961675515968117,
        -0.007417408851260269,
        0.019385998272768094
      ],
      "D_of_b_mean": 0.021595750925962623,
      "mean_dir_lb_deg": [
        231.2097332102219,
        63.85431558539565
      ],
      "lon_injected": {
        "sin_elon_z": 0.0029175292762993812,
        "cos_elon_z": -0.012472895394678258
      }
    },
    {
      "w1_cut": 15.55,
      "mean_b": [
        -0.008597637333426564,
        -0.007338195841196427,
        0.01767613524830706
      ],
      "D_of_b_mean": 0.02098128316470006,
      "mean_dir_lb_deg": [
        220.48118998734225,
        57.402042462249945
      ],
      "lon_injected": {
        "sin_elon_z": 0.021850804001547236,
        "cos_elon_z": 0.007604288530052218
      }
    },
    {
      "w1_cut": 15.6,
      "mean_b": [
        -0.005941831696150763,
        -0.007006454170889155,
        0.01768394592049222
      ],
      "D_of_b_mean": 0.019927812405606527,
      "mean_dir_lb_deg": [
        229.70034984310942,
        62.54836105471853
      ],
      "lon_injected": {
        "sin_elon_z": -0.014993215205658198,
        "cos_elon_z": -0.011115466206575102
      }
    },
    {
      "w1_cut": 15.65,
      "mean_b": [
        -0.0024716776796207952,
        -0.005978820343066773,
        0.015179557409619647
      ],
      "D_of_b_mean": 0.016500740783326775,
      "mean_dir_lb_deg": [
        247.53952576671577,
        66.91612457409812
      ],
      "lon_injected": {
        "sin_elon_z": -0.022374670591553205,
        "cos_elon_z": 0.01789440531773
      }
    },
    {
      "w1_cut": 15.7,
      "mean_b": [
        -0.006379631395169619,
        -0.007011257431220109,
        0.017528140303708317
      ],
      "D_of_b_mean": 0.01992719573877762,
      "mean_dir_lb_deg": [
        227.70054539050724,
        61.595230749957
      ],
      "lon_injected": {
        "sin_elon_z": 0.029770773139108513,
        "cos_elon_z": -0.03672785633014637
      }
    },
    {
      "w1_cut": 15.75,
      "mean_b": [
        -0.0022071153205123445,
        -0.005943132838077454,
        0.015064913185638629
      ],
      "D_of_b_mean": 0.016344534109600784,
      "mean_dir_lb_deg": [
        249.62639461453543,
        67.17730012652828
      ],
      "lon_injected": {
        "sin_elon_z": -0.028009099974225148,
        "cos_elon_z": 0.01842733195884117
      }
    },
    {
      "w1_cut": 15.8,
      "mean_b": [
        -0.0022389034202913998,
        -0.006810439260788355,
        0.01872938090141479
      ],
      "D_of_b_mean": 0.02005453765112926,
      "mean_dir_lb_deg": [
        251.80193662543988,
        69.0547345225717
      ],
      "lon_injected": {
        "sin_elon_z": 0.002030255564510237,
        "cos_elon_z": -0.05324671415091598
      }
    },
    {
      "w1_cut": 15.85,
      "mean_b": [
        -0.0034785329378301945,
        -0.0079776735821497,
        0.023236330602614316
      ],
      "D_of_b_mean": 0.024812708982634067,
      "mean_dir_lb_deg": [
        246.44118549051757,
        69.4667686586021
      ],
      "lon_injected": {
        "sin_elon_z": 0.010965608602463478,
        "cos_elon_z": -0.06507502570795147
      }
    },
    {
      "w1_cut": 15.9,
      "mean_b": [
        -0.0045780820697899575,
        -0.007139665635764523,
        0.0190388003572689
      ],
      "D_of_b_mean": 0.020842494569321388,
      "mean_dir_lb_deg": [
        237.33127674185437,
        65.98806781779652
      ],
      "lon_injected": {
        "sin_elon_z": 0.008851090797424202,
        "cos_elon_z": 0.03312424752420737
      }
    },
    {
      "w1_cut": 15.95,
      "mean_b": [
        -0.005126718131930158,
        -0.006915253363385664,
        0.01784174292075164
      ],
      "D_of_b_mean": 0.019809890417018198,
      "mean_dir_lb_deg": [
        233.44810275348914,
        64.24340662539814
      ],
      "lon_injected": {
        "sin_elon_z": 0.006028663246788366,
        "cos_elon_z": 0.0019248994519564353
      }
    },
    {
      "w1_cut": 16.0,
      "mean_b": [
        -0.002942573985226661,
        -0.006304620672122372,
        0.01641819209209827
      ],
      "D_of_b_mean": 0.017831545503711216,
      "mean_dir_lb_deg": [
        244.97998964597417,
        67.03429892297842
      ],
      "lon_injected": {
        "sin_elon_z": -0.013669689272702838,
        "cos_elon_z": 0.005561667286670408
      }
    },
    {
      "w1_cut": 16.05,
      "mean_b": [
        -0.004109496704334765,
        -0.005416497627045851,
        0.012050109352477757
      ],
      "D_of_b_mean": 0.013835878906430323,
      "mean_dir_lb_deg": [
        232.8124097131471,
        60.567122355921235
      ],
      "lon_injected": {
        "sin_elon_z": 0.009009052323793114,
        "cos_elon_z": 0.04096496782530008
      }
    },
    {
      "w1_cut": 16.1,
      "mean_b": [
        -0.002604854726207737,
        -0.006201621923872332,
        0.015952848942428887
      ],
      "D_of_b_mean": 0.01731296543089182,
      "mean_dir_lb_deg": [
        247.21623156097377,
        67.13743179475755
      ],
      "lon_injected": {
        "sin_elon_z": -0.008269392241690213,
        "cos_elon_z": -0.052937010325065814
      }
    },
    {
      "w1_cut": 16.15,
      "mean_b": [
        -0.00495074547256156,
        -0.006607873206778298,
        0.0164330066739984
      ],
      "D_of_b_mean": 0.018390692684035127,
      "mean_dir_lb_deg": [
        233.15874450339837,
        63.322807407992975
      ],
      "lon_injected": {
        "sin_elon_z": 0.01763299657729229,
        "cos_elon_z": -0.015247627281303865
      }
    },
    {
      "w1_cut": 16.2,
      "mean_b": [
        -0.007137457583903912,
        -0.007002966319370556,
        0.016927507117891816
      ],
      "D_of_b_mean": 0.019660247588943126,
      "mean_dir_lb_deg": [
        224.45506941334583,
        59.42924341708309
      ],
      "lon_injected": {
        "sin_elon_z": 0.017878082930200167,
        "cos_elon_z": -0.015884829255501713
      }
    },
    {
      "w1_cut": 16.25,
      "mean_b": [
        -0.00632058791219079,
        -0.007679837356529938,
        0.020009346201304578
      ],
      "D_of_b_mean": 0.02234510391074848,
      "mean_dir_lb_deg": [
        230.5452559083265,
        63.56872552931297
      ],
      "lon_injected": {
        "sin_elon_z": -0.0014239585319689577,
        "cos_elon_z": -0.04397110368045788
      }
    },
    {
      "w1_cut": 16.3,
      "mean_b": [
        -0.007512934995863169,
        -0.006748075638599277,
        0.01595276421711382
      ],
      "D_of_b_mean": 0.018880450292383118,