{
  "run": {
    "timestamp_utc": "20260203_232157UTC",
    "axis": {
      "name": "cmb",
      "frame": "galactic",
      "lon_deg": 264.021,
      "lat_deg": 48.253
    },
    "axis_icrs_unitvec": [
      -0.9707623762555103,
      0.20737093935443687,
      -0.1209036904234669
    ],
    "pe_nside": 64,
    "p_credible": 0.9,
    "n_events": 36,
    "n_draws": 256,
    "nproc_requested": 36,
    "nproc_effective_events": 36,
    "cache_outdir": "/home/primary/PROJECT/outputs/dark_siren_gap_pe_scaleup36max_20260201_155611UTC",
    "run_label": "M0_start101"
  },
  "g_grid": [
    -0.6,
    -0.5,
    -0.4,
    -0.3,
    -0.2,
    -0.1,
    0.0,
    0.1,
    0.2,
    0.3,
    0.4,
    0.5,
    0.6
  ],
  "curve": [
    {
      "g": -0.6,
      "lpd_mu_total": 234.71189020813793,
      "lpd_gr_total": 239.94061352518736,
      "delta_lpd_total": -5.228723317049429,
      "lpd_mu_data": 212.1542074183155,
      "lpd_gr_data": 218.07261825811054,
      "delta_lpd_data": -5.91841083979503,
      "delta_lpd_sel": 0.6896875227456007,
      "lpd_mu_total_at_f_ref": 205.60189730128954,
      "lpd_gr_total_at_f_ref": 210.83183194112627,
      "delta_lpd_total_at_f_ref": -5.229934639836728,
      "f_miss_posterior_mean_mu": 0.12379670168544647,
      "f_miss_posterior_mean_gr": 0.12379871186787327
    },
    {
      "g": -0.5,
      "lpd_mu_total": 236.28768483274789,
      "lpd_gr_total": 239.94061352518736,
      "delta_lpd_total": -3.652928692439474,
      "lpd_mu_data": 213.88279761074685,
      "lpd_gr_data": 218.07261825811054,
      "delta_lpd_data": -4.189820647363689,
      "delta_lpd_sel": 0.536891954924215,
      "lpd_mu_total_at_f_ref": 207.17760631512914,
      "lpd_gr_total_at_f_ref": 210.83183194112627,
      "delta_lpd_total_at_f_ref": -3.654225625997128,
      "f_miss_posterior_mean_mu": 0.12379655966536504,
      "f_miss_posterior_mean_gr": 0.12379871186787327
    },
    {
      "g": -0.4,
      "lpd_mu_total": 237.57285215104852,
      "lpd_gr_total": 239.94061352518736,
      "delta_lpd_total": -2.367761374138837,
      "lpd_mu_data": 215.2854888662365,
      "lpd_gr_data": 218.07261825811054,
      "delta_lpd_data": -2.787129391874032,
      "delta_lpd_sel": 0.41936801773519505,
      "lpd_mu_total_at_f_ref": 208.4627391996068,
      "lpd_gr_total_at_f_ref": 210.83183194112627,
      "delta_lpd_total_at_f_ref": -2.3690927415194665,
      "f_miss_posterior_mean_mu": 0.12379650252168599,
      "f_miss_posterior_mean_gr": 0.12379871186787327
    },
    {
      "g": -0.3,
      "lpd_mu_total": 238.59051968155188,
      "lpd_gr_total": 239.94061352518736,
      "delta_lpd_total": -1.3500938436354772,
      "lpd_mu_data": 216.36702296972064,
      "lpd_gr_data": 218.07261825811054,
      "delta_lpd_data": -1.705595288389901,
      "delta_lpd_sel": 0.3555014447544238,
      "lpd_mu_total_at_f_ref": 209.48041088373057,
      "lpd_gr_total_at_f_ref": 210.83183194112627,
      "delta_lpd_total_at_f_ref": -1.3514210573956973,
      "f_miss_posterior_mean_mu": 0.12379650942031402,
      "f_miss_posterior_mean_gr": 0.12379871186787327
    },
    {
      "g": -0.2,
      "lpd_mu_total": 239.9429152575878,
      "lpd_gr_total": 239.94061352518736,
      "delta_lpd_total": 0.0023017324004399597,
      "lpd_mu_data": 217.48899873120513,
      "lpd_gr_data": 218.07261825811054,
      "delta_lpd_data": -0.5836195269054087,
      "delta_lpd_sel": 0.5859212593058487,
      "lpd_mu_total_at_f_ref": 210.83288170409517,
      "lpd_gr_total_at_f_ref": 210.83183194112627,
      "delta_lpd_total_at_f_ref": 0.0010497629689041332,
      "f_miss_posterior_mean_mu": 0.12379663424936307,
      "f_miss_posterior_mean_gr": 0.12379871186787327
    },
    {
      "g": -0.1,
      "lpd_mu_total": 241.77539385716463,
      "lpd_gr_total": 239.94061352518736,
      "delta_lpd_total": 1.8347803319772709,
      "lpd_mu_data": 219.39217418677453,
      "lpd_gr_data": 218.07261825811054,
      "delta_lpd_data": 1.3195559286639877,
      "delta_lpd_sel": 0.5152244033132831,
      "lpd_mu_total_at_f_ref": 212.66518256517637,
      "lpd_gr_total_at_f_ref": 210.83183194112627,
      "delta_lpd_total_at_f_ref": 1.833350624050098,
      "f_miss_posterior_mean_mu": 0.1237963392951321,
      "f_miss_posterior_mean_gr": 0.12379871186787327
    },
    {
      "g": 0.0,
      "lpd_mu_total": 242.96884356651847,
      "lpd_gr_total": 239.94061352518736,
      "delta_lpd_total": 3.0282300413311134,
      "lpd_mu_data": 220.74335761905354,
      "lpd_gr_data": 218.07261825811054,
      "delta_lpd_data": 2.670739360943003,
      "delta_lpd_sel": 0.3574906803881106,
      "lpd_mu_total_at_f_ref": 213.8584880708656,
      "lpd_gr_total_at_f_ref": 210.83183194112627,
      "delta_lpd_total_at_f_ref": 3.0266561297393366,
      "f_miss_posterior_mean_mu": 0.12379610001848533,
      "f_miss_posterior_mean_gr": 0.12379871186787327
    },
    {
      "g": 0.1,
      "lpd_mu_total": 243.70027657755443,
      "lpd_gr_total": 239.94061352518736,
      "delta_lpd_total": 3.759663052367074,
      "lpd_mu_data": 221.61678896723188,
      "lpd_gr_data": 218.07261825811054,
      "delta_lpd_data": 3.544170709121346,
      "delta_lpd_sel": 0.21549234324572808,
      "lpd_mu_total_at_f_ref": 214.58977687559334,
      "lpd_gr_total_at_f_ref": 210.83183194112627,
      "delta_lpd_total_at_f_ref": 3.7579449344670763,
      "f_miss_posterior_mean_mu": 0.12379586071424663,
      "f_miss_posterior_mean_gr": 0.12379871186787327
    },
    {
      "g": 0.2,
      "lpd_mu_total": 244.1194895673672,
      "lpd_gr_total": 239.94061352518736,
      "delta_lpd_total": 4.178876042179837,
      "lpd_mu_data": 222.15007170255097,
      "lpd_gr_data": 218.07261825811054,
      "delta_lpd_data": 4.077453444440437,
      "delta_lpd_sel": 0.10142259773940054,
      "lpd_mu_total_at_f_ref": 215.00888364905623,
      "lpd_gr_total_at_f_ref": 210.83183194112627,
      "delta_lpd_total_at_f_ref": 4.177051707929962,
      "f_miss_posterior_mean_mu": 0.12379568445587204,
      "f_miss_posterior_mean_gr": 0.12379871186787327
    },
    {
      "g": 0.3,
      "lpd_mu_total": 244.1181551755167,
      "lpd_gr_total": 239.94061352518736,
      "delta_lpd_total": 4.177541650329346,
      "lpd_mu_data": 222.13063540337927,
      "lpd_gr_data": 218.07261825811054,
      "delta_lpd_data": 4.058017145268735,
      "delta_lpd_sel": 0.11952450506061041,
      "lpd_mu_total_at_f_ref": 215.00756154941396,
      "lpd_gr_total_at_f_ref": 210.83183194112627,
      "delta_lpd_total_at_f_ref": 4.175729608287696,
      "f_miss_posterior_mean_mu": 0.12379570483670059,
      "f_miss_posterior_mean_gr": 0.12379871186787327
    },
    {
      "g": 0.4,
      "lpd_mu_total": 243.6612790195542,
      "lpd_gr_total": 239.94061352518736,
      "delta_lpd_total": 3.720665494366841,
      "lpd_mu_data": 221.5972900462625,
      "lpd_gr_data": 218.07261825811054,
      "delta_lpd_data": 3.5246717881519487,
      "delta_lpd_sel": 0.19599370621489243,
      "lpd_mu_total_at_f_ref": 214.55072700934116,
      "lpd_gr_total_at_f_ref": 210.83183194112627,
      "delta_lpd_total_at_f_ref": 3.7188950682148914,
      "f_miss_posterior_mean_mu": 0.1237957738636529,
      "f_miss_posterior_mean_gr": 0.12379871186787327
    },
    {
      "g": 0.5,
      "lpd_mu_total": 242.89366299712862,
      "lpd_gr_total": 239.94061352518736,
      "delta_lpd_total": 2.953049471941256,
      "lpd_mu_data": 220.73374370896343,
      "lpd_gr_data": 218.07261825811054,
      "delta_lpd_data": 2.661125450852893,
      "delta_lpd_sel": 0.2919240210883629,
      "lpd_mu_total_at_f_ref": 213.78315409345743,
      "lpd_gr_total_at_f_ref": 210.83183194112627,
      "delta_lpd_total_at_f_ref": 2.9513221523311586,
      "f_miss_posterior_mean_mu": 0.1237958453629933,
      "f_miss_posterior_mean_gr": 0.12379871186787327
    },
    {
      "g": 0.6,
      "lpd_mu_total": 241.98816838953633,
      "lpd_gr_total": 239.94061352518736,
      "delta_lpd_total": 2.0475548643489674,