{
  "meta": {
    "catalog": "data/external/zenodo_6784602/secrest_extracted/secrest+22_accepted/wise/reference/catwise_agns.fits",
    "exclude_mask_fits": "data/external/zenodo_6784602/secrest_extracted/secrest+22_accepted/wise/reference/exclude_master_revised.fits",
    "nside": 64,
    "w1cov_min": 80.0,
    "b_cut": 30.0,
    "w1_min": null,
    "w1_max": 16.6,
    "lambda_edges_deg": [
      0.0,
      90.0,
      180.0,
      270.0,
      360.0
    ],
    "cmb_axis_lb_deg": [
      264.021,
      48.253
    ],
    "depth": "w1cov_mean",
    "lognexp_map": "data/cache/unwise_nexp/neo7/lognexp_healpix_nside64.fits",
    "invvar_map": "data/cache/unwise_invvar/neo7/invvar_healpix_nside64.fits"
  },
  "fullsky": {
    "baseline": {
      "N_seen_pix": 24051,
      "N_seen_src": 1917142,
      "template_names": [
        "abs_elat_z",
        "depth_map_z"
      ],
      "beta_hat": [
        4.378135085491252,
        -0.00907927421627465,
        -0.010882814911541937,
        0.007127186976087351,
        -0.018661878037683283,
        -0.007743008952211864
      ],
      "b_vec": [
        -0.00907927421627465,
        -0.010882814911541937,
        0.007127186976087351
      ],
      "D_hat": 0.015863974120166054,
      "l_hat_deg": 230.1625593688072,
      "b_hat_deg": 26.696773960266018,
      "cov_b": [
        [
          2.4802204158684544e-06,
          -6.85883018115765e-08,
          -3.147605505829986e-08
        ],
        [
          -6.858830181157649e-08,
          2.7828404364635396e-06,
          1.3164415154298232e-07
        ],
        [
          -3.147605505829987e-08,
          1.3164415154298232e-07,
          9.258032726216291e-07
        ]
      ],
      "angle_to_cmb_deg": 33.98552395207949
    },
    "with_lon_templates": {
      "N_seen_pix": 24051,
      "N_seen_src": 1917142,
      "template_names": [
        "abs_elat_z",
        "depth_map_z",
        "sin_lambda_z",
        "cos_lambda_z"
      ],
      "beta_hat": [
        4.3781306001887055,
        0.000522556975306306,
        -0.006186480802359633,
        -0.008309256119384063,
        -0.019021690212516953,
        -0.0075288995277678124,
        0.004842408647841882,
        -0.012080165993884022
      ],
      "b_vec": [
        0.000522556975306306,
        -0.006186480802359633,
        -0.008309256119384063
      ],
      "D_hat": 0.010372528513719644,
      "l_hat_deg": 274.82817416466384,
      "b_hat_deg": -53.23364474869132,
      "cov_b": [
        [
          3.023541220389522e-05,
          3.1209937376885445e-06,
          5.701474660286968e-07
        ],
        [
          3.1209937376885432e-06,
          5.650323749870451e-06,
          -1.0681263876748277e-05
        ],
        [
          5.701474660287026e-07,
          -1.0681263876748272e-05,
          4.830729162719428e-05
        ]
      ],
      "angle_to_cmb_deg": 78.09976792941117
    }
  },
  "bins": [
    {
      "N_seen_pix": 6067,
      "N_seen_src": 482549,
      "template_names": [
        "abs_elat_z",
        "depth_map_z"
      ],
      "beta_hat": [
        4.332603395843708,
        -0.02464209077144346,
        -0.018134788075999365,
        -0.044014143068038684,
        -0.024415015823446018,
        -0.00014617154718276945
      ],
      "b_vec": [
        -0.02464209077144346,
        -0.018134788075999365,
        -0.044014143068038684
      ],
      "D_hat": 0.053603618965171046,
      "l_hat_deg": 216.35036749504914,
      "b_hat_deg": -55.19545617665189,
      "cov_b": [
        [
          0.0002859422919489764,
          -0.00013755858963140436,
          0.0003074657092839734
        ],
        [
          -0.0001375585896314044,
          0.00011116122286664955,
          -0.00014868058957004946
        ],
        [
          0.0003074657092839741,
          -0.00014868058957004957,
          0.00043324941969795735
        ]
      ],
      "lambda_lo_deg": 0.0,
      "lambda_hi_deg": 90.0,
      "lambda_mid_deg": 45.0,
      "angle_to_cmb_deg": 69.10247389405407,
      "angle_to_full_base_deg": 82.7447396314842
    },
    {
      "N_seen_pix": 5986,
      "N_seen_src": 481235,
      "template_names": [
        "abs_elat_z",
        "depth_map_z"
      ],
      "beta_hat": [
        4.351473476037184,
        -0.02451587644651264,
        -0.010210826328723357,
        0.03341832070070899,
        -0.015996715881609242,
        -0.008472092186034721
      ],
      "b_vec": [
        -0.02451587644651264,
        -0.010210826328723357,
        0.03341832070070899
      ],
      "D_hat": 0.042685750909541915,
      "l_hat_deg": 202.611655669453,
      "b_hat_deg": 51.52610588134175,
      "cov_b": [
        [
          0.00017592424971165532,
          0.00015372785385353254,
          -0.00020939830283143207
        ],
        [
          0.0001537278538535326,
          0.00019298660289847938,
          -0.00020177861359378454
        ],
        [
          -0.00020939830283143144,
          -0.00020177861359378386,
          0.0003578226934238897
        ]
      ],
      "lambda_lo_deg": 90.0,
      "lambda_hi_deg": 180.0,
      "lambda_mid_deg": 135.0,
      "angle_to_cmb_deg": 38.52350936966538,
      "angle_to_full_base_deg": 32.37825727874946
    },
    {
      "N_seen_pix": 6068,
      "N_seen_src": 483831,
      "template_names": [
        "abs_elat_z",
        "depth_map_z"
      ],
      "beta_hat": [
        4.353703238300919,
        -0.00985270542372505,
        -0.03136483331908384,
        0.03944215459656399,
        -0.015391606349275814,
        -0.003451246058046375
      ],
      "b_vec": [
        -0.00985270542372505,
        -0.03136483331908384,
        0.03944215459656399
      ],
      "D_hat": 0.05134697783238919,
      "l_hat_deg": 252.560814736539,
      "b_hat_deg": 50.18800383668944,
      "cov_b": [
        [
          0.0002410440438103758,
          -0.00014631016212804138,
          0.0002426948502039284
        ],
        [
          -0.00014631016212804127,
          0.00013076360042027572,
          -0.00015335531357105824
        ],
        [
          0.00024269485020392894,
          -0.00015335531357105864,
          0.00034706945942607496
        ]
      ],
      "lambda_lo_deg": 180.0,
      "lambda_hi_deg": 270.0,
      "lambda_mid_deg": 225.0,
      "angle_to_cmb_deg": 7.722610668598697,
      "angle_to_full_base_deg": 29.077057570548053
    },
    {
      "N_seen_pix": 5930,
      "N_seen_src": 469527,
      "template_names": [
        "abs_elat_z",
        "depth_map_z"
      ],
      "beta_hat": [
        4.3186106981242505,
        0.026370294836004626,
        -0.013895893930711433,
        -0.057646531255823585,
        -0.02777122363566661,
        -0.00019566403319650887
      ],
      "b_vec": [
        0.026370294836004626,
        -0.013895893930711433,
        -0.057646531255823585
      ],
      "D_hat": 0.06489692507122383,
      "l_hat_deg": 332.21289754074337,
      "b_hat_deg": -62.65769173269218,
      "cov_b": [
        [
          0.0002476584534164983,
          0.00017395758014611455,
          -0.00030134865275748
        ],
        [
          0.00017395758014611485,
          0.00018318181391005224,
          -0.00022686632579208091
        ],
        [
          -0.00030134865275747985,
          -0.00022686632579208032,
          0.000473258891945772
        ]
      ],
      "lambda_lo_deg": 270.0,
      "lambda_hi_deg": 360.0,
      "lambda_mid_deg": 315.0,
      "angle_to_cmb_deg": 56.69308088375203,
      "angle_to_full_base_deg": 61.004353485736964
    }
  ]
}