{
  "meta": {
    "glm_scan_json": "REPORTS/Q_D_RES_2_2/data/rvmp_fig5_poisson_glm_ecliponly_cumulative_jk.json",
    "invvar_map_fits": "data/cache/unwise_invvar/neo7/invvar_healpix_nside64.fits",
    "invvar_map_is_log": false,
    "catwise_catalog": "data/external/zenodo_6784602/secrest_extracted/secrest+22_accepted/wise/reference/catwise_agns.fits",
    "exclude_mask_fits": "data/external/zenodo_6784602/secrest_extracted/secrest+22_accepted/wise/reference/exclude_master_revised.fits",
    "nside": 64,
    "b_cut": 30.0,
    "w1cov_min": 80.0,
    "alpha_edge_delta": 0.05,
    "invvar_median_seen": 0.5980495810508728,
    "delta_m_dipole_vec": [
      -0.018150920239303453,
      0.06125132321901415,
      0.03424802047868612
    ],
    "delta_m_dipole_amp": 0.07248522199953727,
    "delta_m_dipole_l_deg": 106.50640800852646,
    "delta_m_dipole_b_deg": 28.19558136958652,
    "delta_m_dipole_cov": [
      [
        9.803511537271423e-06,
        -6.418397897860925e-08,
        -3.457596590678806e-08
      ],
      [
        -6.418397897860925e-08,
        1.0063490659213254e-05,
        5.894605587842538e-08
      ],
      [
        -3.4575965906788055e-08,
        5.894605587842537e-08,
        3.359901698439272e-06
      ]
    ]
  },
  "rows": [
    {
      "w1_cut": 15.5,
      "alpha_edge": 1.391779271199205,
      "D_obs": 0.01700160554933159,
      "beta_obs_x": -0.000778100103559899,
      "beta_obs_y": -0.011283803219652595,
      "beta_obs_z": 0.012693499768939237,
      "l_obs_deg": 266.05528488361426,
      "b_obs_deg": 48.29722345861655,
      "D_sel": 0.10088342944722856,
      "beta_sel_x": -0.02526207454225266,
      "beta_sel_y": 0.08524832198974645,
      "beta_sel_z": 0.04766568498184122,
      "l_sel_deg": 106.50640800852646,
      "b_sel_deg": 28.195581369586524,
      "D_res": 0.10555079317713902,
      "beta_res_x": 0.024483974438692758,
      "beta_res_y": -0.09653212520939905,
      "beta_res_z": -0.034972185212901984,
      "l_res_deg": 284.2321214154875,
      "b_res_deg": -19.349544501647998
    },
    {
      "w1_cut": 15.55,
      "alpha_edge": 1.3640739357242637,
      "D_obs": 0.017369957374599395,
      "beta_obs_x": -0.0010265663115574591,
      "beta_obs_y": -0.01111891298529945,
      "beta_obs_z": 0.013305313030091193,
      "l_obs_deg": 264.7250560270365,
      "b_obs_deg": 49.99565731831158,
      "D_sel": 0.09887520205475578,
      "beta_sel_x": -0.024759197207843857,
      "beta_sel_y": 0.08355133353167961,
      "beta_sel_z": 0.04671683208512656,
      "l_sel_deg": 106.50640800852646,
      "b_sel_deg": 28.195581369586524,
      "D_res": 0.10316018103129689,
      "beta_res_x": 0.023732630896286397,
      "beta_res_y": -0.09467024651697906,
      "beta_res_z": -0.033411519055035366,
      "l_res_deg": 284.07330179498547,
      "b_res_deg": -18.897733714095615
    },
    {
      "w1_cut": 15.6,
      "alpha_edge": 1.3798194393904595,
      "D_obs": 0.017007422979119422,
      "beta_obs_x": -0.0016124794567829994,
      "beta_obs_y": -0.010706263490812527,
      "beta_obs_z": 0.013115954729161996,
      "l_obs_deg": 261.43500842281173,
      "b_obs_deg": 50.46087146929725,
      "D_sel": 0.10001651838349451,
      "beta_sel_x": -0.025044992589016636,
      "beta_sel_y": 0.08451576646598394,
      "beta_sel_z": 0.047256084417133665,
      "l_sel_deg": 106.50640800852646,
      "b_sel_deg": 28.195581369586524,
      "D_res": 0.10383576510960407,
      "beta_res_x": 0.023432513132233636,
      "beta_res_y": -0.09522202995679646,
      "beta_res_z": -0.03414012968797167,
      "l_res_deg": 283.82481814164856,
      "b_res_deg": -19.195331452528183
    },
    {
      "w1_cut": 15.65,
      "alpha_edge": 1.399184350031888,
      "D_obs": 0.017336364918602094,
      "beta_obs_x": -0.0026800574064957472,
      "beta_obs_y": -0.011161067308953701,
      "beta_obs_z": 0.012992206025684384,
      "l_obs_deg": 256.49746530160473,
      "b_obs_deg": 48.54009869922121,
      "D_sel": 0.10142018823033966,
      "beta_sel_x": -0.02539648353751044,
      "beta_sel_y": 0.08570189286678939,
      "beta_sel_z": 0.047919294273349226,
      "l_sel_deg": 106.50640800852646,
      "b_sel_deg": 28.19558136958652,
      "D_res": 0.10544368432311917,
      "beta_res_x": 0.022716426131014694,
      "beta_res_y": -0.0968629601757431,
      "beta_res_z": -0.03492708824766484,
      "l_res_deg": 283.1985556664523,
      "b_res_deg": -19.344010953354363
    },
    {
      "w1_cut": 15.7,
      "alpha_edge": 1.3821247952507676,
      "D_obs": 0.016369080732195892,
      "beta_obs_x": -0.003191902179021902,
      "beta_obs_y": -0.010674846224011665,
      "beta_obs_z": 0.011991923223170081,
      "l_obs_deg": 253.35272837325408,
      "b_obs_deg": 47.10447047550608,
      "D_sel": 0.10018362261481688,
      "beta_sel_x": -0.025086836919360297,
      "beta_sel_y": 0.08465697256291851,
      "beta_sel_z": 0.04733503829184815,
      "l_sel_deg": 106.50640800852646,
      "b_sel_deg": 28.195581369586524,
      "D_res": 0.10400326736822064,
      "beta_res_x": 0.021894934740338396,
      "beta_res_y": -0.09533181878693017,
      "beta_res_z": -0.03534311506867807,
      "l_res_deg": 282.93484891416307,
      "b_res_deg": -19.866332413114616
    },
    {
      "w1_cut": 15.75,
      "alpha_edge": 1.3530399641135205,
      "D_obs": 0.01629345634720367,
      "beta_obs_x": -0.0029676118530242933,
      "beta_obs_y": -0.011008929498804807,
      "beta_obs_z": 0.01163930714941257,
      "l_obs_deg": 254.9137072254805,
      "b_obs_deg": 45.59033956414795,
      "D_sel": 0.09807540217301447,
      "beta_sel_x": -0.024558920469214516,
      "beta_sel_y": 0.08287548817016055,
      "beta_sel_z": 0.04633894039944059,
      "l_sel_deg": 106.50640800852646,
      "b_sel_deg": 28.195581369586524,
      "D_res": 0.102394008791954,
      "beta_res_x": 0.021591308616190224,
      "beta_res_y": -0.09388441766896535,
      "beta_res_z": -0.03469963325002802,
      "l_res_deg": 282.95154299242733,
      "b_res_deg": -19.80886139565601
    },
    {
      "w1_cut": 15.8,
      "alpha_edge": 1.3385674183961882,
      "D_obs": 0.01651644594426033,
      "beta_obs_x": -0.003176437853290572,
      "beta_obs_y": -0.010888119660523422,
      "beta_obs_z": 0.012006334971671398,
      "l_obs_deg": 253.736224614016,
      "b_obs_deg": 46.62981517429142,
      "D_sel": 0.09702635648379518,
      "beta_sel_x": -0.024296230446239547,
      "beta_sel_y": 0.08198902559462627,
      "beta_sel_z": 0.04584328435733467,
      "l_sel_deg": 106.50640800852646,
      "b_sel_deg": 28.195581369586524,
      "D_res": 0.10107991340342204,
      "beta_res_x": 0.021119792592948976,
      "beta_res_y": -0.0928771452551497,
      "beta_res_z": -0.03383694938566327,
      "l_res_deg": 282.8109240757488,
      "b_res_deg": -19.557606010773817
    },
    {
      "w1_cut": 15.85,
      "alpha_edge": 1.3694895915652339,
      "D_obs": 0.016767882365594428,
      "beta_obs_x": -0.0038963806695907705,
      "beta_obs_y": -0.012041554541673391,
      "beta_obs_z": 0.010999139099218489,
      "l_obs_deg": 252.06956647080364,
      "b_obs_deg": 40.99283993952994,
      "D_sel": 0.0992677570706616,
      "beta_sel_x": -0.024857496345056823,
      "beta_sel_y": 0.08388304961803782,
      "beta_sel_z": 0.04690230757727362,
      "l_sel_deg": 106.50640800852646,
      "b_sel_deg": 28.195581369586524,
      "D_res": 0.10454633212275391,
      "beta_res_x": 0.020961115675466054,
      "beta_res_y": -0.09592460415971121,
      "beta_res_z": -0.035903168478055136,
      "l_res_deg": 282.32632298150565,
      "b_res_deg": -20.08529894669144
    },
    {
      "w1_cut": 15.9,
      "alpha_edge": 1.391084367382085,
      "D_obs": 0.01583052366004936,
      "beta_obs_x": -0.0034831337313794117,
      "beta_obs_y": -0.011683452645010847,
      "beta_obs_z": 0.01009802916674826,
      "l_obs_deg": 253.3993459420812,
      "b_obs_deg": 39.63417470492878,
      "D_sel": 0.1008330591897763,