{
  "meta": {
    "catalog": "data/external/zenodo_6784602/secrest_extracted/secrest+22_accepted/wise/reference/catwise_agns.fits",
    "exclude_mask_fits": "data/external/zenodo_6784602/secrest_extracted/secrest+22_accepted/wise/reference/exclude_master_revised.fits",
    "nside": 64,
    "w1cov_min": 80.0,
    "b_cut": 30.0,
    "w1_min": null,
    "w1_max": 16.6,
    "lambda_edges_deg": [
      0.0,
      90.0,
      180.0,
      270.0,
      360.0
    ],
    "cmb_axis_lb_deg": [
      264.021,
      48.253
    ],
    "depth": "lognexp",
    "lognexp_map": "data/cache/unwise_nexp/neo7/lognexp_healpix_nside64.fits",
    "invvar_map": "data/cache/unwise_invvar/neo7/invvar_healpix_nside64.fits"
  },
  "fullsky": {
    "baseline": {
      "N_seen_pix": 24051,
      "N_seen_src": 1917142,
      "template_names": [
        "abs_elat_z",
        "depth_map_z"
      ],
      "beta_hat": [
        4.3781313663857535,
        -0.009158002537811303,
        -0.010609785281703548,
        0.007306574343342216,
        -0.017933518543571145,
        -0.008488676747725611
      ],
      "b_vec": [
        -0.009158002537811303,
        -0.010609785281703548,
        0.007306574343342216
      ],
      "D_hat": 0.01580577688192511,
      "l_hat_deg": 229.2003665559522,
      "b_hat_deg": 27.533838520150375,
      "cov_b": [
        [
          2.4829062688935777e-06,
          -7.83952941104242e-08,
          -3.7206127612022134e-08
        ],
        [
          -7.839529411042413e-08,
          2.818416967246621e-06,
          1.5280676763168533e-07
        ],
        [
          -3.7206127612022114e-08,
          1.5280676763168538e-07,
          9.375321853291333e-07
        ]
      ],
      "angle_to_cmb_deg": 33.94172581898284
    },
    "with_lon_templates": {
      "N_seen_pix": 24051,
      "N_seen_src": 1917142,
      "template_names": [
        "abs_elat_z",
        "depth_map_z",
        "sin_lambda_z",
        "cos_lambda_z"
      ],
      "beta_hat": [
        4.3781273311327675,
        0.0004459696835755084,
        -0.005839977019545067,
        -0.00841712241430084,
        -0.018271920937757,
        -0.008304451971828612,
        0.004847144594903028,
        -0.012306283960240513
      ],
      "b_vec": [
        0.0004459696835755084,
        -0.005839977019545067,
        -0.00841712241430084
      ],
      "D_hat": 0.010254373227302023,
      "l_hat_deg": 274.3669150646885,
      "b_hat_deg": -55.16821333680312,
      "cov_b": [
        [
          3.0244542951697576e-05,
          3.104557572071252e-06,
          5.810931198218385e-07
        ],
        [
          3.1045575720712504e-06,
          5.6962682253490795e-06,
          -1.0680348325489533e-05
        ],
        [
          5.810931198218488e-07,
          -1.0680348325489532e-05,
          4.828844798859486e-05
        ]
      ],
      "angle_to_cmb_deg": 76.21428516832843
    }
  },
  "bins": [
    {
      "N_seen_pix": 6067,
      "N_seen_src": 482549,
      "template_names": [
        "abs_elat_z",
        "depth_map_z"
      ],
      "beta_hat": [
        4.332620510794864,
        -0.02463441228455167,
        -0.01814237340138473,
        -0.043994841383746916,
        -0.02441155633356071,
        -0.0001528848008344877
      ],
      "b_vec": [
        -0.02463441228455167,
        -0.01814237340138473,
        -0.043994841383746916
      ],
      "D_hat": 0.05358680854111012,
      "l_hat_deg": 216.3703321386435,
      "b_hat_deg": -55.185157265840886,
      "cov_b": [
        [
          0.0002941256196774065,
          -0.00014074020319013639,
          0.00031948636073353734
        ],
        [
          -0.00014074020319013611,
          0.0001123383522508474,
          -0.00015319443803411164
        ],
        [
          0.00031948636073353734,
          -0.00015319443803411205,
          0.0004504811577482671
        ]
      ],
      "lambda_lo_deg": 0.0,
      "lambda_hi_deg": 90.0,
      "lambda_mid_deg": 45.0,
      "angle_to_cmb_deg": 69.11723172032741,
      "angle_to_full_base_deg": 83.44851644931225
    },
    {
      "N_seen_pix": 5986,
      "N_seen_src": 481235,
      "template_names": [
        "abs_elat_z",
        "depth_map_z"
      ],
      "beta_hat": [
        4.35217545398436,
        -0.02421018560351964,
        -0.009336905605920187,
        0.03268887145746617,
        -0.01602460479773423,
        -0.008705394031665478
      ],
      "b_vec": [
        -0.02421018560351964,
        -0.009336905605920187,
        0.03268887145746617
      ],
      "D_hat": 0.041735754580616846,
      "l_hat_deg": 201.08964310675444,
      "b_hat_deg": 51.557659466257164,
      "cov_b": [
        [
          0.00018303751755442994,
          0.00016206852335405128,
          -0.0002198538829242086
        ],
        [
          0.00016206852335405117,
          0.00020238130432270743,
          -0.00021382997297292314
        ],
        [
          -0.000219853882924208,
          -0.00021382997297292276,
          0.0003730821905299034
        ]
      ],
      "lambda_lo_deg": 90.0,
      "lambda_hi_deg": 180.0,
      "lambda_mid_deg": 135.0,
      "angle_to_cmb_deg": 39.39886287863327,
      "angle_to_full_base_deg": 31.968080622313416
    },
    {
      "N_seen_pix": 6068,
      "N_seen_src": 483831,
      "template_names": [
        "abs_elat_z",
        "depth_map_z"
      ],
      "beta_hat": [
        4.355883363221512,
        -0.011684105704747353,
        -0.03018878751203701,
        0.037417373057052256,
        -0.015055462103619868,
        -0.004538859985011349
      ],
      "b_vec": [
        -0.011684105704747353,
        -0.03018878751203701,
        0.037417373057052256
      ],
      "D_hat": 0.04947667151352495,
      "l_hat_deg": 248.84183766770155,
      "b_hat_deg": 49.13584536522606,
      "cov_b": [
        [
          0.0002466982827705126,
          -0.00014962320229554497,
          0.00024954700041984816
        ],
        [
          -0.00014962320229554508,
          0.00013265343228403397,
          -0.00015745739633452014
        ],
        [
          0.00024954700041984886,
          -0.00015745739633452047,
          0.0003551946533978841
        ]
      ],
      "lambda_lo_deg": 180.0,
      "lambda_hi_deg": 270.0,
      "lambda_mid_deg": 225.0,
      "angle_to_cmb_deg": 10.041207232264247,
      "angle_to_full_base_deg": 26.36200771507915
    },
    {
      "N_seen_pix": 5930,
      "N_seen_src": 469527,
      "template_names": [
        "abs_elat_z",
        "depth_map_z"
      ],
      "beta_hat": [
        4.324634897489321,
        0.022258226590812023,
        -0.016075567120540375,
        -0.05200729987043975,
        -0.027054261383854326,
        -0.0020199973426691517
      ],
      "b_vec": [
        0.022258226590812023,
        -0.016075567120540375,
        -0.05200729987043975
      ],
      "D_hat": 0.05880996300822482,
      "l_hat_deg": 324.16204042248825,
      "b_hat_deg": -62.1689439237293,
      "cov_b": [
        [
          0.00025579220157726277,
          0.00018077738895810365,
          -0.00032054441241046827
        ],
        [
          0.00018077738895810367,
          0.00018802927316456615,
          -0.00024021104812732701
        ],
        [
          -0.00032054441241046827,
          -0.00024021104812732701,
          0.0005097514468400471
        ]
      ],
      "lambda_lo_deg": 270.0,
      "lambda_hi_deg": 360.0,
      "lambda_mid_deg": 315.0,
      "angle_to_cmb_deg": 59.66706687777344,
      "angle_to_full_base_deg": 63.601867356893074
    }
  ]
}