{
  "meta": {
    "catalog": "data/external/zenodo_6784602/secrest_extracted/secrest+22_accepted/wise/reference/catwise_agns.fits",
    "exclude_mask_fits": "data/external/zenodo_6784602/secrest_extracted/secrest+22_accepted/wise/reference/exclude_master_revised.fits",
    "nside": 64,
    "w1cov_min": 80.0,
    "b_cut": 30.0,
    "w1_min": null,
    "w1_max": 16.6,
    "lambda_edges_deg": [
      0.0,
      90.0,
      180.0,
      270.0,
      360.0
    ],
    "cmb_axis_lb_deg": [
      264.021,
      48.253
    ],
    "depth": "invvar",
    "lognexp_map": "data/cache/unwise_nexp/neo7/lognexp_healpix_nside64.fits",
    "invvar_map": "data/cache/unwise_invvar/neo7/invvar_healpix_nside64.fits"
  },
  "fullsky": {
    "baseline": {
      "N_seen_pix": 24051,
      "N_seen_src": 1917142,
      "template_names": [
        "abs_elat_z",
        "depth_map_z"
      ],
      "beta_hat": [
        4.378130155411995,
        -0.009266510609958107,
        -0.010622772751306244,
        0.007870852763463505,
        -0.013645928123202627,
        -0.012483473679437931
      ],
      "b_vec": [
        -0.009266510609958107,
        -0.010622772751306244,
        0.007870852763463505
      ],
      "D_hat": 0.01614502533396841,
      "l_hat_deg": 228.90099450433559,
      "b_hat_deg": 29.177017374345017,
      "cov_b": [
        [
          2.488402436137959e-06,
          -8.987846486883092e-08,
          -5.8765850812456285e-08
        ],
        [
          -8.987846486883096e-08,
          2.820194070104114e-06,
          2.0995674130900807e-07
        ],
        [
          -5.876585081245628e-08,
          2.09956741309008e-07,
          1.0021362360351066e-06
        ]
      ],
      "angle_to_cmb_deg": 32.9391042490568
    },
    "with_lon_templates": {
      "N_seen_pix": 24051,
      "N_seen_src": 1917142,
      "template_names": [
        "abs_elat_z",
        "depth_map_z",
        "sin_lambda_z",
        "cos_lambda_z"
      ],
      "beta_hat": [
        4.3781266231326725,
        1.9820896645899717e-05,
        -0.006023101606885803,
        -0.007434240560226783,
        -0.014200611370654509,
        -0.012075006145969161,
        0.0046829732392178495,
        -0.011954177592200452
      ],
      "b_vec": [
        1.9820896645899717e-05,
        -0.006023101606885803,
        -0.007434240560226783
      ],
      "D_hat": 0.00956797149567949,
      "l_hat_deg": 270.1885489733734,
      "b_hat_deg": -50.98601579957915,
      "cov_b": [
        [
          3.0296096836138147e-05,
          3.0723982805669845e-06,
          4.6097595827594395e-07
        ],
        [
          3.0723982805669866e-06,
          5.669991492147111e-06,
          -1.0599057375041492e-05
        ],
        [
          4.6097595827594e-07,
          -1.0599057375041494e-05,
          4.8463976876417824e-05
        ]
      ],
      "angle_to_cmb_deg": 80.62012487182703
    }
  },
  "bins": [
    {
      "N_seen_pix": 6067,
      "N_seen_src": 482549,
      "template_names": [
        "abs_elat_z",
        "depth_map_z"
      ],
      "beta_hat": [
        4.33660857016331,
        -0.02143630792644627,
        -0.018927965011418593,
        -0.04031357516380603,
        -0.023349976708975078,
        -0.0020016751341814347
      ],
      "b_vec": [
        -0.02143630792644627,
        -0.018927965011418593,
        -0.04031357516380603
      ],
      "D_hat": 0.049426384649079357,
      "l_hat_deg": 221.44406101531587,
      "b_hat_deg": -54.64956843289549,
      "cov_b": [
        [
          0.00028975814033627205,
          -0.00013423300574511848,
          0.00030554762366423357
        ],
        [
          -0.00013423300574511864,
          0.0001090239652092404,
          -0.0001429131308094966
        ],
        [
          0.0003055476236642347,
          -0.00014291313080949704,
          0.0004231855436707314
        ]
      ],
      "lambda_lo_deg": 0.0,
      "lambda_hi_deg": 90.0,
      "lambda_mid_deg": 45.0,
      "angle_to_cmb_deg": 71.04321302310062,
      "angle_to_full_base_deg": 84.07274387955843
    },
    {
      "N_seen_pix": 5986,
      "N_seen_src": 481235,
      "template_names": [
        "abs_elat_z",
        "depth_map_z"
      ],
      "beta_hat": [
        4.348905584731128,
        -0.025878551402502427,
        -0.011002396948875549,
        0.03608939047687134,
        -0.01090636253224957,
        -0.012770013765493004
      ],
      "b_vec": [
        -0.025878551402502427,
        -0.011002396948875549,
        0.03608939047687134
      ],
      "D_hat": 0.045751461903470125,
      "l_hat_deg": 203.03301642153312,
      "b_hat_deg": 52.07480917554048,
      "cov_b": [
        [
          0.00017335652996131973,
          0.0001526056423491832,
          -0.0002036650535892384
        ],
        [
          0.00015260564234918303,
          0.00019314092492749013,
          -0.00019808432478313478
        ],
        [
          -0.00020366505358923798,
          -0.00019808432478313461,
          0.00034728206271907204
        ]
      ],
      "lambda_lo_deg": 90.0,
      "lambda_hi_deg": 180.0,
      "lambda_mid_deg": 135.0,
      "angle_to_cmb_deg": 38.09299184876461,
      "angle_to_full_base_deg": 29.838720049887343
    },
    {
      "N_seen_pix": 6068,
      "N_seen_src": 483831,
      "template_names": [
        "abs_elat_z",
        "depth_map_z"
      ],
      "beta_hat": [
        4.3562627792801925,
        -0.01307874450950394,
        -0.02971593414436228,
        0.03760104720728039,
        -0.011580233896246874,
        -0.008316848431539714
      ],
      "b_vec": [
        -0.01307874450950394,
        -0.02971593414436228,
        0.03760104720728039
      ],
      "D_hat": 0.04967825531458491,
      "l_hat_deg": 246.24447479157766,
      "b_hat_deg": 49.19091697629826,
      "cov_b": [
        [
          0.0002367462534183509,
          -0.00014052373804998607,
          0.00023072539467078277
        ],
        [
          -0.00014052373804998605,
          0.0001250307893293495,
          -0.00014269866132709204
        ],
        [
          0.0002307253946707827,
          -0.00014269866132709212,
          0.00032821469201085597
        ]
      ],
      "lambda_lo_deg": 180.0,
      "lambda_hi_deg": 270.0,
      "lambda_mid_deg": 225.0,
      "angle_to_cmb_deg": 11.737650226222097,
      "angle_to_full_base_deg": 23.98295795773022
    },
    {
      "N_seen_pix": 5930,
      "N_seen_src": 469527,
      "template_names": [
        "abs_elat_z",
        "depth_map_z"
      ],
      "beta_hat": [
        4.3291264475887115,
        0.018812280724760117,
        -0.017353429272751124,
        -0.047969251433659474,
        -0.023698440086758095,
        -0.005967660918892526
      ],
      "b_vec": [
        0.018812280724760117,
        -0.017353429272751124,
        -0.047969251433659474
      ],
      "D_hat": 0.05436995950612064,
      "l_hat_deg": 317.30994330328355,
      "b_hat_deg": -61.91801464909969,
      "cov_b": [
        [
          0.0002305456404631787,
          0.0001621645904732215,
          -0.0002796711530488262
        ],
        [
          0.0001621645904732215,
          0.0001757622025577547,
          -0.0002118645225477263
        ],
        [
          -0.0002796711530488256,
          -0.00021186452254772593,
          0.00044575322434363114
        ]
      ],
      "lambda_lo_deg": 270.0,
      "lambda_hi_deg": 360.0,
      "lambda_mid_deg": 315.0,
      "angle_to_cmb_deg": 61.90770273102051,
      "angle_to_full_base_deg": 65.24710849466271
    }
  ]
}