{
  "meta": {
    "catalog": "data/external/zenodo_6784602/secrest_extracted/secrest+22_accepted/wise/reference/catwise_agns.fits",
    "exclude_mask_fits": "data/external/zenodo_6784602/secrest_extracted/secrest+22_accepted/wise/reference/exclude_master_revised.fits",
    "nside": 64,
    "w1cov_min": 80.0,
    "b_cut": 30.0,
    "w1_min": null,
    "w1_max": 16.6,
    "lambda_edges_deg": [
      0.0,
      90.0,
      180.0,
      270.0,
      360.0
    ],
    "cmb_axis_lb_deg": [
      264.021,
      48.253
    ],
    "depth": "none",
    "lognexp_map": "data/cache/unwise_nexp/neo7/lognexp_healpix_nside64.fits",
    "invvar_map": "data/cache/unwise_invvar/neo7/invvar_healpix_nside64.fits"
  },
  "fullsky": {
    "baseline": {
      "N_seen_pix": 24051,
      "N_seen_src": 1917142,
      "template_names": [
        "abs_elat_z"
      ],
      "beta_hat": [
        4.378165308072875,
        -0.008580618956846213,
        -0.013001776772515222,
        0.006232618435179508,
        -0.025340875964198796
      ],
      "b_vec": [
        -0.008580618956846213,
        -0.013001776772515222,
        0.006232618435179508
      ],
      "D_hat": 0.016778520598772835,
      "l_hat_deg": 236.5768885465019,
      "b_hat_deg": 21.805941893933664,
      "cov_b": [
        [
          2.47121739147435e-06,
          -2.2059880956593087e-08,
          -1.2432359013400467e-08
        ],
        [
          -2.2059880956593084e-08,
          2.5824651558816713e-06,
          4.8761628066673944e-08
        ],
        [
          -1.2432359013400478e-08,
          4.8761628066673964e-08,
          8.907569227812275e-07
        ]
      ],
      "angle_to_cmb_deg": 34.33289993703882
    },
    "with_lon_templates": {
      "N_seen_pix": 24051,
      "N_seen_src": 1917142,
      "template_names": [
        "abs_elat_z",
        "sin_lambda_z",
        "cos_lambda_z"
      ],
      "beta_hat": [
        4.378159483172749,
        0.0019458127370116651,
        -0.007958138430761024,
        -0.009951174960312689,
        -0.025529215821289353,
        0.005306797800747128,
        -0.012685665050962823
      ],
      "b_vec": [
        0.0019458127370116651,
        -0.007958138430761024,
        -0.009951174960312689
      ],
      "D_hat": 0.012889687256928564,
      "l_hat_deg": 283.7395972365003,
      "b_hat_deg": -50.53618096207773,
      "cov_b": [
        [
          3.0037257098296476e-05,
          3.233380262857291e-06,
          6.689362351122274e-07
        ],
        [
          3.2333802628572922e-06,
          5.484893208168847e-06,
          -1.0766599058945922e-05
        ],
        [
          6.689362351122247e-07,
          -1.0766599058945919e-05,
          4.805561914529271e-05
        ]
      ],
      "angle_to_cmb_deg": 79.76910441838292
    }
  },
  "bins": [
    {
      "N_seen_pix": 6067,
      "N_seen_src": 482549,
      "template_names": [
        "abs_elat_z"
      ],
      "beta_hat": [
        4.332077313869365,
        -0.025047579330795513,
        -0.018012815986113453,
        -0.04450970927758341,
        -0.024442025418586713
      ],
      "b_vec": [
        -0.025047579330795513,
        -0.018012815986113453,
        -0.04450970927758341
      ],
      "D_hat": 0.0541567815703359,
      "l_hat_deg": 215.72157296118556,
      "b_hat_deg": -55.272196657285996,
      "cov_b": [
        [
          0.00019388150377366517,
          -0.00010998233221296607,
          0.00019414436217020845
        ],
        [
          -0.00010998233221296596,
          0.00010290222808897722,
          -0.00011473597205560278
        ],
        [
          0.00019414436217020796,
          -0.00011473597205560257,
          0.0002937598408073411
        ]
      ],
      "lambda_lo_deg": 0.0,
      "lambda_hi_deg": 90.0,
      "lambda_mid_deg": 45.0,
      "angle_to_cmb_deg": 68.84736869030931,
      "angle_to_full_base_deg": 79.10739544085892
    },
    {
      "N_seen_pix": 5986,
      "N_seen_src": 481235,
      "template_names": [
        "abs_elat_z"
      ],
      "beta_hat": [
        4.331818992081054,
        -0.03831155226999488,
        -0.022854290567999452,
        0.051798358525042484,
        -0.017834391350691172
      ],
      "b_vec": [
        -0.03831155226999488,
        -0.022854290567999452,
        0.051798358525042484
      ],
      "D_hat": 0.06836054110809787,
      "l_hat_deg": 210.81767544018103,
      "b_hat_deg": 49.26387715860682,
      "cov_b": [
        [
          0.00013990940490689202,
          0.00012070094788839784,
          -0.00016139133626618147
        ],
        [
          0.00012070094788839785,
          0.00016280991860220776,
          -0.0001578185288211013
        ],
        [
          -0.000161391336266181,
          -0.0001578185288211008,
          0.00029395734185949955
        ]
      ],
      "lambda_lo_deg": 90.0,
      "lambda_hi_deg": 180.0,
      "lambda_mid_deg": 135.0,
      "angle_to_cmb_deg": 34.35116996171082,
      "angle_to_full_base_deg": 34.19373329370078
    },
    {
      "N_seen_pix": 6068,
      "N_seen_src": 483831,
      "template_names": [
        "abs_elat_z"
      ],
      "beta_hat": [
        4.347155274067932,
        -0.004061132296849347,
        -0.03532446236336613,
        0.04539886035075883,
        -0.01628186196401054
      ],
      "b_vec": [
        -0.004061132296849347,
        -0.03532446236336613,
        0.04539886035075883
      ],
      "D_hat": 0.057665994814457895,
      "l_hat_deg": 263.4416939690436,
      "b_hat_deg": 51.93136157445744,
      "cov_b": [
        [
          0.0001903143861706794,
          -0.00011165724279119624,
          0.00019051943373627075
        ],
        [
          -0.0001116572427911963,
          0.00010710962021791737,
          -0.00011773424677122789
        ],
        [
          0.0001905194337362712,
          -0.00011773424677122811,
          0.0002934423887368911
        ]
      ],
      "lambda_lo_deg": 180.0,
      "lambda_hi_deg": 270.0,
      "lambda_mid_deg": 225.0,
      "angle_to_cmb_deg": 3.697055665284991,
      "angle_to_full_base_deg": 36.568656481902146
    },
    {
      "N_seen_pix": 5930,
      "N_seen_src": 469527,
      "template_names": [
        "abs_elat_z"
      ],
      "beta_hat": [
        4.317979904973439,
        0.026823081762722967,
        -0.013669006501542336,
        -0.05822540570378445,
        -0.027848374071320618
      ],
      "b_vec": [
        0.026823081762722967,
        -0.013669006501542336,
        -0.05822540570378445
      ],
      "D_hat": 0.06554782470348823,
      "l_hat_deg": 332.99667003153144,
      "b_hat_deg": -62.65901331463389,
      "cov_b": [
        [
          0.00015156386832294874,
          0.0001258273693175412,
          -0.0001785785960708279
        ],
        [
          0.00012582736931754124,
          0.000159076838611219,
          -0.00016537632366518898
        ],
        [
          -0.00017857859607082788,
          -0.00016537632366518887,
          0.00031641093396510386
        ]
      ],
      "lambda_lo_deg": 270.0,
      "lambda_hi_deg": 360.0,
      "lambda_mid_deg": 315.0,
      "angle_to_cmb_deg": 56.42478698639206,
      "angle_to_full_base_deg": 67.8120181685504
    }
  ]
}