{
  "meta": {
    "catalog": "data/external/zenodo_6784602/secrest_extracted/secrest+22_accepted/wise/reference/catwise_agns.fits",
    "mask_catalog": null,
    "exclude_mask_fits": "data/external/zenodo_6784602/secrest_extracted/secrest+22_accepted/wise/reference/exclude_master_revised.fits",
    "nside": 64,
    "w1cov_min": 80.0,
    "b_cut": 30.0,
    "w1_min": null,
    "w1_grid": "16.6,16.6,0.1",
    "eclip_template": "abs_elat",
    "dust_template": "none",
    "depth_mode": "none",
    "harmonic_lmax": 3,
    "harmonic_prior": "none",
    "harmonic_prior_cl_json": null,
    "harmonic_prior_scale": null,
    "harmonic_prior_min_cl": null,
    "unwise_tiles_fits": "data/external/unwise/tiles.fits",
    "nexp_tile_stats_json": null,
    "nexp_missing_frac_seen": null,
    "depth_map": null,
    "extra_offset_map": null,
    "extra_template_map": null,
    "external_logreg_meta": null,
    "external_logreg_mrange": null,
    "external_logreg_dm": null,
    "mc_draws": 5000,
    "seed": 123,
    "w1_mode": "cumulative",
    "jackknife_nside": 0,
    "jackknife_stride": 1,
    "jackknife_max_iter": 120,
    "jackknife_max_regions": null,
    "inject_delta_m_mag": 0.0,
    "inject_axis_lb": [
      264.021,
      48.253
    ],
    "footprint_mask": "Secrest-style mask_zeros (data-derived) + exclusion discs + |b| cut (pixel-center)."
  },
  "rows": [
    {
      "w1_cut": 16.6,
      "w1_lo": null,
      "w1_hi": 16.6,
      "alpha_edge": 1.5225079256532403,
      "N_total": 4142887,
      "N_seen": 1917142,
      "N_cum_total": null,
      "N_cum_seen": null,
      "w1_mode": "cumulative",
      "dipole": {
        "D_hat": 0.021654809231893786,
        "l_hat_deg": 236.40979221441142,
        "b_hat_deg": 17.46697652338239,
        "D_p16": 0.019018454652097325,
        "D_p50": 0.021865949462932993,
        "D_p84": 0.02472367380891821,
        "l_p16": 228.10976425149107,
        "l_p50": 236.21677260801852,
        "l_p84": 244.90090079163022,
        "b_p16": 14.092472495712219,
        "b_p50": 17.36156933323011,
        "b_p84": 21.05113913478033
      },
      "dipole_quasi": {
        "dispersion_phi": 1.3706237372485093,
        "dispersion_phi_eff": 1.3706237372485093,
        "D_p16": 0.01863501675090455,
        "D_p50": 0.021956965140252416,
        "D_p84": 0.025257032424202287,
        "l_p16": 226.67259771479556,
        "l_p50": 236.45043913600043,
        "l_p84": 246.0918173222056,
        "b_p16": 13.628529764877054,
        "b_p50": 17.403841081806817,
        "b_p84": 21.869242513597904
      },
      "beta_hat": [
        4.378181939530618,
        -0.011428085856307224,
        -0.01720703136561582,
        0.006499822160128419,
        -0.02225260498701053,
        0.0043371431315398145,
        0.0016839775975030227,
        0.0020035276835091145,
        0.0037171463141717665,
        -0.0007533215202324618,
        -0.0005875708463363864,
        -0.0014440468470666124,
        -0.0024125414309658557,
        -0.0019271601438947499,
        -0.0025251661972964063,
        4.3176273126117644e-05,
        -0.001709756677772989
      ],
      "fit_diag": {
        "n_obs": 24051.0,
        "n_params": 17.0,
        "dof": 24034.0,
        "deviance": 32958.2428255726,
        "pearson_chi2": 32941.570901030675,
        "deviance_over_dof": 1.3713174180566114,
        "pearson_over_dof": 1.3706237372485093,
        "dispersion_phi": 1.3706237372485093,
        "dispersion_phi_eff": 1.3706237372485093
      },
      "corr_b_templates": [
        [
          0.004146390241061062,
          -0.0032542868932447476,
          -0.016244435488322984,
          0.002576799933463536,
          0.0012036388414456414,
          -0.00021986535832365194,
          0.004043021676240793,
          0.8468003559452258,
          -0.0066780050749760365,
          0.010330429905726442,
          0.014649011598773999,
          0.016333117076340456,
          -0.00795644773268582
        ],
        [
          -0.031244633812380344,
          0.005048371941996211,
          0.010441720981762896,
          -0.028685109047935458,
          -0.015891850422352367,
          -0.0008659129748077438,
          -0.041688784218746985,
          -0.006263344962923411,
          0.8499032990891308,
          -0.04189615083457731,
          -0.016615242180553245,
          -0.029226281708242752,
          0.05271767663177103
        ],
        [
          -0.008620589830077862,
          -0.005726693969708229,
          0.0011240780669101785,
          -0.005785511721372104,
          -0.00021748892875491144,
          0.011595738021485832,
          -0.3089063229658598,
          0.0009258142105423394,
          0.012228959287784629,
          -0.03276211860080614,
          -0.011670647841683068,
          -0.018882793399217727,
          0.017777388810008343
        ]
      ],
      "corr_b_templates_names": [
        "abs_elat_z",
        "Y2_0_re_z",
        "Y2_1_re_z",
        "Y2_1_im_z",
        "Y2_2_re_z",
        "Y2_2_im_z",
        "Y3_0_re_z",
        "Y3_1_re_z",
        "Y3_1_im_z",
        "Y3_2_re_z",
        "Y3_2_im_z",
        "Y3_3_re_z",
        "Y3_3_im_z"
      ],
      "template_names": [
        "abs_elat_z",
        "Y2_0_re_z",
        "Y2_1_re_z",
        "Y2_1_im_z",
        "Y2_2_re_z",
        "Y2_2_im_z",
        "Y3_0_re_z",
        "Y3_1_re_z",
        "Y3_1_im_z",
        "Y3_2_re_z",
        "Y3_2_im_z",
        "Y3_3_re_z",
        "Y3_3_im_z"
      ],
      "offset_name": null,
      "template_dipoles": [
        {
          "name": "abs_elat_z",
          "vec": [
            -0.030548875504002676,
            0.07188034291239627,
            0.026609603366026333
          ],
          "l_deg": 113.02530955985132,
          "b_deg": 18.814005943322538,
          "amp": 0.08251114156924488,
          "angle_to_fit_deg": 66.41939890256042
        },
        {
          "name": "Y2_0_re_z",
          "vec": [
            0.0038001929168779147,
            -0.04810632497270018,
            0.00440055530011047
          ],
          "l_deg": 274.5167406102545,
          "b_deg": 5.2104777301191385,
          "amp": 0.04845642223208248,
          "angle_to_fit_deg": 39.218969112222936
        },
        {
          "name": "Y2_1_re_z",
          "vec": [
            0.01955013778449318,
            0.022430400927766724,
            -0.0007718423205581677
          ],
          "l_deg": 48.924883155916355,
          "b_deg": -1.4859392545605563,
          "amp": 0.02976451769709751,
          "angle_to_fit_deg": 17.59298129831686
        },
        {
          "name": "Y2_1_im_z",
          "vec": [
            0.022260891212072174,
            -0.0305238580269985,
            -0.019844557500059198
          ],
          "l_deg": 306.10307710410075,
          "b_deg": -27.71205014842886,
          "amp": 0.04267387548349961,
          "angle_to_fit_deg": 81.17075407736174
        },
        {
          "name": "Y2_2_re_z",
          "vec": [
            0.02435646386579477,
            -0.07473986603459247,
            -0.017078576664358844
          ],
          "l_deg": 288.0499169999784,
          "b_deg": -12.257666167018868,
          "amp": 0.08044229414801009,
          "angle_to_fit_deg": 59.01846613460921
        },
        {
          "name": "Y2_2_im_z",
          "vec": [
            0.017970113073609687,
            -0.027253939331406473,
            -0.014931415677105804
          ],
          "l_deg": 303.3991958232258,
          "b_deg": -24.578702885684827,
          "amp": 0.03589776242443007,
          "angle_to_fit_deg": 77.62887431814941
        },
        {
          "name": "Y3_0_re_z",
          "vec": [
            -0.008669133418783032,
            0.037789300203143146,
            0.3940391143123568
          ],
          "l_deg": 102.92049592377325,
          "b_deg": 84.3805493713612,
          "amp": 0.3959419259085131,