{
  "run": {
    "timestamp_utc": "20260203_232144UTC",
    "axis": {
      "name": "ecliptic_north",
      "frame": "barycentricmeanecliptic",
      "lon_deg": 0.0,
      "lat_deg": 90.0
    },
    "axis_icrs_unitvec": [
      -1.0207044720705122e-07,
      -0.39777699944404316,
      0.9174821299149556
    ],
    "pe_nside": 64,
    "p_credible": 0.9,
    "n_events": 36,
    "n_draws": 256,
    "nproc_requested": 36,
    "nproc_effective_events": 36,
    "cache_outdir": "/home/primary/PROJECT/outputs/dark_siren_gap_pe_scaleup36max_20260201_155611UTC",
    "run_label": "M0_start101"
  },
  "g_grid": [
    -0.6,
    -0.5,
    -0.4,
    -0.3,
    -0.2,
    -0.1,
    0.0,
    0.1,
    0.2,
    0.3,
    0.4,
    0.5,
    0.6
  ],
  "curve": [
    {
      "g": -0.6,
      "lpd_mu_total": 242.7234753110526,
      "lpd_gr_total": 239.94061352518736,
      "delta_lpd_total": 2.7828617858652365,
      "lpd_mu_data": 220.93654788390103,
      "lpd_gr_data": 218.07261825811054,
      "delta_lpd_data": 2.8639296257904903,
      "delta_lpd_sel": -0.08106783992525379,
      "lpd_mu_total_at_f_ref": 213.61317635742134,
      "lpd_gr_total_at_f_ref": 210.83183194112627,
      "delta_lpd_total_at_f_ref": 2.7813444162950702,
      "f_miss_posterior_mean_mu": 0.1237961938098227,
      "f_miss_posterior_mean_gr": 0.12379871186787327
    },
    {
      "g": -0.5,
      "lpd_mu_total": 243.42048003471038,
      "lpd_gr_total": 239.94061352518736,
      "delta_lpd_total": 3.4798665095230206,
      "lpd_mu_data": 221.6239417406093,
      "lpd_gr_data": 218.07261825811054,
      "delta_lpd_data": 3.551323482498759,
      "delta_lpd_sel": -0.07145697297573861,
      "lpd_mu_total_at_f_ref": 214.3101519585678,
      "lpd_gr_total_at_f_ref": 210.83183194112627,
      "delta_lpd_total_at_f_ref": 3.4783200174415185,
      "f_miss_posterior_mean_mu": 0.12379614548976729,
      "f_miss_posterior_mean_gr": 0.12379871186787327
    },
    {
      "g": -0.4,
      "lpd_mu_total": 243.80023491696792,
      "lpd_gr_total": 239.94061352518736,
      "delta_lpd_total": 3.859621391780564,
      "lpd_mu_data": 221.98198112262432,
      "lpd_gr_data": 218.07261825811054,
      "delta_lpd_data": 3.9093628645137812,
      "delta_lpd_sel": -0.04974147273321705,
      "lpd_mu_total_at_f_ref": 214.68986209095732,
      "lpd_gr_total_at_f_ref": 210.83183194112627,
      "delta_lpd_total_at_f_ref": 3.858030149831052,
      "f_miss_posterior_mean_mu": 0.12379607123520696,
      "f_miss_posterior_mean_gr": 0.12379871186787327
    },
    {
      "g": -0.3,
      "lpd_mu_total": 243.89275057537878,
      "lpd_gr_total": 239.94061352518736,
      "delta_lpd_total": 3.952137050191425,
      "lpd_mu_data": 222.01257421362695,
      "lpd_gr_data": 218.07261825811054,
      "delta_lpd_data": 3.9399559555164103,
      "delta_lpd_sel": 0.012181094675014492,
      "lpd_mu_total_at_f_ref": 214.78235049095153,
      "lpd_gr_total_at_f_ref": 210.83183194112627,
      "delta_lpd_total_at_f_ref": 3.9505185498252615,
      "f_miss_posterior_mean_mu": 0.12379602601028834,
      "f_miss_posterior_mean_gr": 0.12379871186787327
    },
    {
      "g": -0.2,
      "lpd_mu_total": 243.74335904022277,
      "lpd_gr_total": 239.94061352518736,
      "delta_lpd_total": 3.8027455150354115,
      "lpd_mu_data": 221.77135108028972,
      "lpd_gr_data": 218.07261825811054,
      "delta_lpd_data": 3.6987328221791813,
      "delta_lpd_sel": 0.10401269285623016,
      "lpd_mu_total_at_f_ref": 214.63293819236324,
      "lpd_gr_total_at_f_ref": 210.83183194112627,
      "delta_lpd_total_at_f_ref": 3.8011062512369733,
      "f_miss_posterior_mean_mu": 0.1237959915644906,
      "f_miss_posterior_mean_gr": 0.12379871186787327
    },
    {
      "g": -0.1,
      "lpd_mu_total": 243.41253378460516,
      "lpd_gr_total": 239.94061352518736,
      "delta_lpd_total": 3.4719202594178,
      "lpd_mu_data": 221.31166821408334,
      "lpd_gr_data": 218.07261825811054,
      "delta_lpd_data": 3.2390499559728028,
      "delta_lpd_sel": 0.23287030344499726,
      "lpd_mu_total_at_f_ref": 214.30213784466628,
      "lpd_gr_total_at_f_ref": 210.83183194112627,
      "delta_lpd_total_at_f_ref": 3.470305903540009,
      "f_miss_posterior_mean_mu": 0.12379603290063224,
      "f_miss_posterior_mean_gr": 0.12379871186787327
    },
    {
      "g": 0.0,
      "lpd_mu_total": 242.96884356651847,
      "lpd_gr_total": 239.94061352518736,
      "delta_lpd_total": 3.0282300413311134,
      "lpd_mu_data": 220.74335761905354,
      "lpd_gr_data": 218.07261825811054,
      "delta_lpd_data": 2.670739360943003,
      "delta_lpd_sel": 0.3574906803881106,
      "lpd_mu_total_at_f_ref": 213.8584880708656,
      "lpd_gr_total_at_f_ref": 210.83183194112627,
      "delta_lpd_total_at_f_ref": 3.0266561297393366,
      "f_miss_posterior_mean_mu": 0.12379610001848533,
      "f_miss_posterior_mean_gr": 0.12379871186787327
    },
    {
      "g": 0.1,
      "lpd_mu_total": 242.42762233950376,
      "lpd_gr_total": 239.94061352518736,
      "delta_lpd_total": 2.487008814316397,
      "lpd_mu_data": 220.10904594301974,
      "lpd_gr_data": 218.07261825811054,
      "delta_lpd_data": 2.0364276849091993,
      "delta_lpd_sel": 0.4505811294071975,
      "lpd_mu_total_at_f_ref": 213.3172454657548,
      "lpd_gr_total_at_f_ref": 210.83183194112627,
      "delta_lpd_total_at_f_ref": 2.485413524628541,
      "f_miss_posterior_mean_mu": 0.12379606453285738,
      "f_miss_posterior_mean_gr": 0.12379871186787327
    },
    {
      "g": 0.2,
      "lpd_mu_total": 241.81803303453077,
      "lpd_gr_total": 239.94061352518736,
      "delta_lpd_total": 1.8774195093434116,
      "lpd_mu_data": 219.43450194621568,
      "lpd_gr_data": 218.07261825811054,
      "delta_lpd_data": 1.361883688105138,
      "delta_lpd_sel": 0.5155358212382737,
      "lpd_mu_total_at_f_ref": 212.7076070768155,
      "lpd_gr_total_at_f_ref": 210.83183194112627,
      "delta_lpd_total_at_f_ref": 1.8757751356892243,
      "f_miss_posterior_mean_mu": 0.1237959830549213,
      "f_miss_posterior_mean_gr": 0.12379871186787327
    },
    {
      "g": 0.3,
      "lpd_mu_total": 241.13160821833435,
      "lpd_gr_total": 239.94061352518736,
      "delta_lpd_total": 1.1909946931469904,
      "lpd_mu_data": 218.6529829252874,
      "lpd_gr_data": 218.07261825811054,
      "delta_lpd_data": 0.5803646671768661,
      "delta_lpd_sel": 0.6106300259701243,
      "lpd_mu_total_at_f_ref": 212.0211508495908,
      "lpd_gr_total_at_f_ref": 210.83183194112627,
      "delta_lpd_total_at_f_ref": 1.1893189084645428,
      "f_miss_posterior_mean_mu": 0.12379593091790163,
      "f_miss_posterior_mean_gr": 0.12379871186787327
    },
    {
      "g": 0.4,
      "lpd_mu_total": 240.2759191732549,
      "lpd_gr_total": 239.94061352518736,
      "delta_lpd_total": 0.33530564806753205,
      "lpd_mu_data": 217.6955603666787,
      "lpd_gr_data": 218.07261825811054,
      "delta_lpd_data": -0.3770578914318321,
      "delta_lpd_sel": 0.7123635394993642,
      "lpd_mu_total_at_f_ref": 211.16542635517123,
      "lpd_gr_total_at_f_ref": 210.83183194112627,
      "delta_lpd_total_at_f_ref": 0.3335944140449669,
      "f_miss_posterior_mean_mu": 0.12379587207978396,
      "f_miss_posterior_mean_gr": 0.12379871186787327
    },
    {
      "g": 0.5,
      "lpd_mu_total": 239.29932455230667,
      "lpd_gr_total": 239.94061352518736,
      "delta_lpd_total": -0.6412889728806874,
      "lpd_mu_data": 216.6789084331881,
      "lpd_gr_data": 218.07261825811054,
      "delta_lpd_data": -1.3937098249224391,
      "delta_lpd_sel": 0.7524208520417517,
      "lpd_mu_total_at_f_ref": 210.18876092467067,
      "lpd_gr_total_at_f_ref": 210.83183194112627,
      "delta_lpd_total_at_f_ref": -0.6430710164555933,
      "f_miss_posterior_mean_mu": 0.12379575455434419,
      "f_miss_posterior_mean_gr": 0.12379871186787327
    },
    {
      "g": 0.6,
      "lpd_mu_total": 238.27514355102525,
      "lpd_gr_total": 239.94061352518736,
      "delta_lpd_total": -1.6654699741621073,